course_branch_id,course_item_id,peer_assignment_id
"99SZyjVxEeW6RApRXdjJPw","7UTtN","P3kcYs6CEeW6bA4RgCmm0Q@3"
"99SZyjVxEeW6RApRXdjJPw","Utvpp","em6s9NEVEeWlfA7f_IUrbw@5"
"99SZyjVxEeW6RApRXdjJPw","jDnF8","25sis86eEeWljg6vNXStKQ@1"
"branch~6o3Tbxt3Eea6zxLIiAy73w","fFMh9","9rsJSfeCEeWJoRIC9GAuIw@2"
"99SZyjVxEeW6RApRXdjJPw","q0yAj","dGK4i9AXEeWJ8go9jrGl7Q@5"
"99SZyjVxEeW6RApRXdjJPw","7UTtN","P3kcYs6CEeW6bA4RgCmm0Q@1"
"99SZyjVxEeW6RApRXdjJPw","ch4H9","o40uFM6MEeW4gBJQzjtgDw@11"
"branch~6o3Tbxt3Eea6zxLIiAy73w","7UTtN","9JWR-PeCEeWcIwpe-uKM9Q@2"
"99SZyjVxEeW6RApRXdjJPw","q0yAj","dGK4i9AXEeWJ8go9jrGl7Q@7"
"99SZyjVxEeW6RApRXdjJPw","7UTtN","P3kcYs6CEeW6bA4RgCmm0Q@4"
"branch~2NrPvSjhEeam2xJnFSlCww","jDnF8","wGJvpShQEea5Nw6WU2nKtw@1"
"99SZyjVxEeW6RApRXdjJPw","fFMh9","dn6ZfdEIEeWR0RIE1vRpDw@11"
"99SZyjVxEeW6RApRXdjJPw","Orpha","8jzkN86PEeWyxApSRqwlWw@2"
"99SZyjVxEeW6RApRXdjJPw","YLJk4","NYjqqtESEeWR0RIE1vRpDw@8"
"99SZyjVxEeW6RApRXdjJPw","6rdPD","7T_9jdGpEeWHOA7t0uQ0Ww@2"
"99SZyjVxEeW6RApRXdjJPw","lRHE2","4qyWSs6NEeWzWQ7wuWBg7Q@5"
"branch~6o3Tbxt3Eea6zxLIiAy73w","PvXZU","9p1IYveCEeWwOA4X7vTG_Q@1"
"99SZyjVxEeW6RApRXdjJPw","fFMh9","dn6ZfdEIEeWR0RIE1vRpDw@12"
"99SZyjVxEeW6RApRXdjJPw","lRHE2","4qyWSs6NEeWzWQ7wuWBg7Q@6"
"99SZyjVxEeW6RApRXdjJPw","Orpha","8jzkN86PEeWyxApSRqwlWw@5"
"99SZyjVxEeW6RApRXdjJPw","jDnF8","25sis86eEeWljg6vNXStKQ@4"
"branch~6o3Tbxt3Eea6zxLIiAy73w","1JKFT","RIIMfveGEeWSPQpVZJn7FQ@2"
"branch~6o3Tbxt3Eea6zxLIiAy73w","YRR22","9n-Hi_eCEeWYNAoGmttnCw@1"
"branch~6o3Tbxt3Eea6zxLIiAy73w","ch4H9","9KUiQfeCEeWc5xLFVM5IsQ@5"
"99SZyjVxEeW6RApRXdjJPw","fFMh9","dn6ZfdEIEeWR0RIE1vRpDw@6"
"99SZyjVxEeW6RApRXdjJPw","fFMh9","dn6ZfdEIEeWR0RIE1vRpDw@7"
"99SZyjVxEeW6RApRXdjJPw","Orpha","8jzkN86PEeWyxApSRqwlWw@3"
"99SZyjVxEeW6RApRXdjJPw","YLJk4","NYjqqtESEeWR0RIE1vRpDw@4"
"branch~6o3Tbxt3Eea6zxLIiAy73w","q0yAj","9hRB5feCEeWJoRIC9GAuIw@2"
"99SZyjVxEeW6RApRXdjJPw","a3J40","nqhqtdAbEeWJ8go9jrGl7Q@2"
"branch~2NrPvSjhEeam2xJnFSlCww","jDnF8","wGJvpShQEea5Nw6WU2nKtw@2"
"branch~2NrPvSjhEeam2xJnFSlCww","LO8xW","wIEbqihQEeaQAQovE5D5Iw@1"
"99SZyjVxEeW6RApRXdjJPw","8hQcr","AI8CcM6REeWRcgrL75b_bQ@2"
"99SZyjVxEeW6RApRXdjJPw","YRR22","B7quoNEDEeW86A4dl3pnEQ@3"
"99SZyjVxEeW6RApRXdjJPw","Utvpp","em6s9NEVEeWlfA7f_IUrbw@9"
"99SZyjVxEeW6RApRXdjJPw","Utvpp","em6s9NEVEeWlfA7f_IUrbw@6"
"branch~6o3Tbxt3Eea6zxLIiAy73w","Utvpp","9voOH_eCEeWSPQpVZJn7FQ@3"
"branch~6o3Tbxt3Eea6zxLIiAy73w","q0yAj","9hRB5feCEeWJoRIC9GAuIw@3"
"branch~2NrPvSjhEeam2xJnFSlCww","YRR22","wPvw6ihQEeaGtw7VJ4hX6w@1"
"branch~6o3Tbxt3Eea6zxLIiAy73w","Orpha","9cdbFPeCEeWYNAoGmttnCw@4"
"99SZyjVxEeW6RApRXdjJPw","jDnF8","25sis86eEeWljg6vNXStKQ@5"
"branch~6o3Tbxt3Eea6zxLIiAy73w","PvXZU","9p1IYveCEeWwOA4X7vTG_Q@2"
"branch~2NrPvSjhEeam2xJnFSlCww","1JKFT","vwXGHChQEeaeOg6Hp9hnyw@3"
"99SZyjVxEeW6RApRXdjJPw","a3J40","nqhqtdAbEeWJ8go9jrGl7Q@1"
"branch~6o3Tbxt3Eea6zxLIiAy73w","E6m7K","9l-i1veCEeWoVw4RkdPOvQ@2"
"99SZyjVxEeW6RApRXdjJPw","fFMh9","dn6ZfdEIEeWR0RIE1vRpDw@2"
"branch~2NrPvSjhEeam2xJnFSlCww","YLJk4","wVhBSyhQEeaVWgodRB5guQ@2"
"99SZyjVxEeW6RApRXdjJPw","ch4H9","o40uFM6MEeW4gBJQzjtgDw@5"
"99SZyjVxEeW6RApRXdjJPw","ch4H9","o40uFM6MEeW4gBJQzjtgDw@10"
"branch~6o3Tbxt3Eea6zxLIiAy73w","fFMh9","9rsJSfeCEeWJoRIC9GAuIw@1"
"branch~6o3Tbxt3Eea6zxLIiAy73w","LO8xW","tWcp8yKUEeacfQqKnSvi7Q@1"
"99SZyjVxEeW6RApRXdjJPw","7UTtN","P3kcYs6CEeW6bA4RgCmm0Q@12"
"branch~6o3Tbxt3Eea6zxLIiAy73w","ch4H9","9KUiQfeCEeWc5xLFVM5IsQ@3"
"99SZyjVxEeW6RApRXdjJPw","E6m7K","ZqZRCtTbEeWHOA7t0uQ0Ww@9"
"99SZyjVxEeW6RApRXdjJPw","q0yAj","dGK4i9AXEeWJ8go9jrGl7Q@2"
"99SZyjVxEeW6RApRXdjJPw","jDnF8","25sis86eEeWljg6vNXStKQ@3"
"99SZyjVxEeW6RApRXdjJPw","lRHE2","4qyWSs6NEeWzWQ7wuWBg7Q@4"
"branch~2NrPvSjhEeam2xJnFSlCww","ch4H9","vvT88ChQEeaLEw5C-qNm0w@3"
"branch~2NrPvSjhEeam2xJnFSlCww","Orpha","wCZRVyhQEeaeOg6Hp9hnyw@2"
"branch~6o3Tbxt3Eea6zxLIiAy73w","q0yAj","9hRB5feCEeWJoRIC9GAuIw@5"
"99SZyjVxEeW6RApRXdjJPw","fFMh9","dn6ZfdEIEeWR0RIE1vRpDw@13"
"branch~2NrPvSjhEeam2xJnFSlCww","7UTtN","vufdjihQEeaLEw5C-qNm0w@4"
"branch~6o3Tbxt3Eea6zxLIiAy73w","a3J40","9kBa5PeCEeWcIwpe-uKM9Q@5"
"99SZyjVxEeW6RApRXdjJPw","YRR22","B7quoNEDEeW86A4dl3pnEQ@8"
"branch~2NrPvSjhEeam2xJnFSlCww","q0yAj","wJGWByhQEea9ZhJKQvAauw@2"
"99SZyjVxEeW6RApRXdjJPw","8hQcr","AI8CcM6REeWRcgrL75b_bQ@7"
"99SZyjVxEeW6RApRXdjJPw","E6m7K","ZqZRCtTbEeWHOA7t0uQ0Ww@10"
"99SZyjVxEeW6RApRXdjJPw","PvXZU","-xK13dEPEeW3igq7kvt3qw@7"
"99SZyjVxEeW6RApRXdjJPw","q0yAj","dGK4i9AXEeWJ8go9jrGl7Q@1"
"branch~6o3Tbxt3Eea6zxLIiAy73w","q0yAj","9hRB5feCEeWJoRIC9GAuIw@1"
"branch~6o3Tbxt3Eea6zxLIiAy73w","Utvpp","9voOH_eCEeWSPQpVZJn7FQ@1"
"99SZyjVxEeW6RApRXdjJPw","PvXZU","-xK13dEPEeW3igq7kvt3qw@2"
"99SZyjVxEeW6RApRXdjJPw","Utvpp","em6s9NEVEeWlfA7f_IUrbw@13"
"99SZyjVxEeW6RApRXdjJPw","E6m7K","ZqZRCtTbEeWHOA7t0uQ0Ww@3"
"branch~2NrPvSjhEeam2xJnFSlCww","Utvpp","wXYC7ShQEeaGtw7VJ4hX6w@2"
"99SZyjVxEeW6RApRXdjJPw","lRHE2","4qyWSs6NEeWzWQ7wuWBg7Q@2"
"branch~6o3Tbxt3Eea6zxLIiAy73w","7UTtN","9JWR-PeCEeWcIwpe-uKM9Q@1"
"99SZyjVxEeW6RApRXdjJPw","Utvpp","em6s9NEVEeWlfA7f_IUrbw@7"
"99SZyjVxEeW6RApRXdjJPw","8hQcr","AI8CcM6REeWRcgrL75b_bQ@4"
"branch~2NrPvSjhEeam2xJnFSlCww","fFMh9","wTlH0ChQEeaOBAr7VGzUHw@3"
"branch~6o3Tbxt3Eea6zxLIiAy73w","Utvpp","9voOH_eCEeWSPQpVZJn7FQ@2"
"99SZyjVxEeW6RApRXdjJPw","7UTtN","P3kcYs6CEeW6bA4RgCmm0Q@8"
"99SZyjVxEeW6RApRXdjJPw","7UTtN","P3kcYs6CEeW6bA4RgCmm0Q@10"
"99SZyjVxEeW6RApRXdjJPw","6rdPD","7T_9jdGpEeWHOA7t0uQ0Ww@3"
"99SZyjVxEeW6RApRXdjJPw","jDnF8","25sis86eEeWljg6vNXStKQ@2"
"99SZyjVxEeW6RApRXdjJPw","Orpha","8jzkN86PEeWyxApSRqwlWw@1"
"99SZyjVxEeW6RApRXdjJPw","7UTtN","P3kcYs6CEeW6bA4RgCmm0Q@11"
"branch~6o3Tbxt3Eea6zxLIiAy73w","Utvpp","9voOH_eCEeWSPQpVZJn7FQ@7"
"99SZyjVxEeW6RApRXdjJPw","6rdPD","7T_9jdGpEeWHOA7t0uQ0Ww@5"
"branch~2NrPvSjhEeam2xJnFSlCww","E6m7K","wOQjKihQEeaoPRIBqlhr5Q@1"
"99SZyjVxEeW6RApRXdjJPw","Utvpp","em6s9NEVEeWlfA7f_IUrbw@2"
"branch~6o3Tbxt3Eea6zxLIiAy73w","Utvpp","9voOH_eCEeWSPQpVZJn7FQ@5"
"99SZyjVxEeW6RApRXdjJPw","a3J40","nqhqtdAbEeWJ8go9jrGl7Q@7"
"99SZyjVxEeW6RApRXdjJPw","PvXZU","-xK13dEPEeW3igq7kvt3qw@4"
"branch~6o3Tbxt3Eea6zxLIiAy73w","Utvpp","9voOH_eCEeWSPQpVZJn7FQ@4"
"branch~2NrPvSjhEeam2xJnFSlCww","7UTtN","vufdjihQEeaLEw5C-qNm0w@1"
"branch~6o3Tbxt3Eea6zxLIiAy73w","Utvpp","9voOH_eCEeWSPQpVZJn7FQ@8"
"99SZyjVxEeW6RApRXdjJPw","ch4H9","o40uFM6MEeW4gBJQzjtgDw@6"
"branch~6o3Tbxt3Eea6zxLIiAy73w","YLJk4","9tm1JveCEeWwOA4X7vTG_Q@1"
"99SZyjVxEeW6RApRXdjJPw","7UTtN","P3kcYs6CEeW6bA4RgCmm0Q@2"
"branch~6o3Tbxt3Eea6zxLIiAy73w","fFMh9","9rsJSfeCEeWJoRIC9GAuIw@7"
"99SZyjVxEeW6RApRXdjJPw","YLJk4","NYjqqtESEeWR0RIE1vRpDw@3"
"99SZyjVxEeW6RApRXdjJPw","Utvpp","em6s9NEVEeWlfA7f_IUrbw@3"
"99SZyjVxEeW6RApRXdjJPw","E6m7K","ZqZRCtTbEeWHOA7t0uQ0Ww@2"
"branch~6o3Tbxt3Eea6zxLIiAy73w","q0yAj","9hRB5feCEeWJoRIC9GAuIw@4"
"99SZyjVxEeW6RApRXdjJPw","7UTtN","P3kcYs6CEeW6bA4RgCmm0Q@7"
"99SZyjVxEeW6RApRXdjJPw","ch4H9","o40uFM6MEeW4gBJQzjtgDw@7"
"branch~2NrPvSjhEeam2xJnFSlCww","ch4H9","vvT88ChQEeaLEw5C-qNm0w@1"
"branch~6o3Tbxt3Eea6zxLIiAy73w","YLJk4","9tm1JveCEeWwOA4X7vTG_Q@3"
"99SZyjVxEeW6RApRXdjJPw","YRR22","B7quoNEDEeW86A4dl3pnEQ@4"
"branch~6o3Tbxt3Eea6zxLIiAy73w","ch4H9","9KUiQfeCEeWc5xLFVM5IsQ@4"
"branch~2NrPvSjhEeam2xJnFSlCww","PvXZU","wRv7mChQEeaVWgodRB5guQ@1"
"branch~6o3Tbxt3Eea6zxLIiAy73w","fFMh9","9rsJSfeCEeWJoRIC9GAuIw@6"
"99SZyjVxEeW6RApRXdjJPw","YRR22","B7quoNEDEeW86A4dl3pnEQ@2"
"branch~6o3Tbxt3Eea6zxLIiAy73w","Utvpp","9voOH_eCEeWSPQpVZJn7FQ@6"
"branch~2NrPvSjhEeam2xJnFSlCww","a3J40","wL5LqChQEeaoPRIBqlhr5Q@2"
"99SZyjVxEeW6RApRXdjJPw","ch4H9","o40uFM6MEeW4gBJQzjtgDw@2"
"branch~2NrPvSjhEeam2xJnFSlCww","8hQcr","wFPJjyhQEeaVWgodRB5guQ@3"
"99SZyjVxEeW6RApRXdjJPw","7UTtN","P3kcYs6CEeW6bA4RgCmm0Q@9"
"99SZyjVxEeW6RApRXdjJPw","fFMh9","dn6ZfdEIEeWR0RIE1vRpDw@5"
"branch~2NrPvSjhEeam2xJnFSlCww","7UTtN","vufdjihQEeaLEw5C-qNm0w@3"
"99SZyjVxEeW6RApRXdjJPw","YLJk4","NYjqqtESEeWR0RIE1vRpDw@2"
"99SZyjVxEeW6RApRXdjJPw","E6m7K","ZqZRCtTbEeWHOA7t0uQ0Ww@6"
"branch~6o3Tbxt3Eea6zxLIiAy73w","Utvpp","9voOH_eCEeWSPQpVZJn7FQ@9"
"branch~2NrPvSjhEeam2xJnFSlCww","fFMh9","wTlH0ChQEeaOBAr7VGzUHw@1"
"99SZyjVxEeW6RApRXdjJPw","6rdPD","7T_9jdGpEeWHOA7t0uQ0Ww@4"
"99SZyjVxEeW6RApRXdjJPw","E6m7K","ZqZRCtTbEeWHOA7t0uQ0Ww@1"
"99SZyjVxEeW6RApRXdjJPw","8hQcr","AI8CcM6REeWRcgrL75b_bQ@5"
"99SZyjVxEeW6RApRXdjJPw","Utvpp","em6s9NEVEeWlfA7f_IUrbw@4"
"branch~6o3Tbxt3Eea6zxLIiAy73w","jDnF8","9gWb5veCEeWoVw4RkdPOvQ@3"
"branch~6o3Tbxt3Eea6zxLIiAy73w","a3J40","9kBa5PeCEeWcIwpe-uKM9Q@1"
"branch~6o3Tbxt3Eea6zxLIiAy73w","E6m7K","9l-i1veCEeWoVw4RkdPOvQ@3"
"branch~2NrPvSjhEeam2xJnFSlCww","ch4H9","vvT88ChQEeaLEw5C-qNm0w@4"
"branch~2NrPvSjhEeam2xJnFSlCww","Orpha","wCZRVyhQEeaeOg6Hp9hnyw@3"
"99SZyjVxEeW6RApRXdjJPw","Utvpp","em6s9NEVEeWlfA7f_IUrbw@10"
"branch~6o3Tbxt3Eea6zxLIiAy73w","E6m7K","9l-i1veCEeWoVw4RkdPOvQ@4"
"99SZyjVxEeW6RApRXdjJPw","fFMh9","dn6ZfdEIEeWR0RIE1vRpDw@4"
"branch~2NrPvSjhEeam2xJnFSlCww","6rdPD","wZQR5yhQEeaLEw5C-qNm0w@2"
"branch~2NrPvSjhEeam2xJnFSlCww","6rdPD","wZQR5yhQEeaLEw5C-qNm0w@1"
"branch~6o3Tbxt3Eea6zxLIiAy73w","fFMh9","9rsJSfeCEeWJoRIC9GAuIw@3"
"branch~6o3Tbxt3Eea6zxLIiAy73w","lRHE2","9LQVjveCEeWJoRIC9GAuIw@3"
"branch~6o3Tbxt3Eea6zxLIiAy73w","fFMh9","9rsJSfeCEeWJoRIC9GAuIw@5"
"branch~6o3Tbxt3Eea6zxLIiAy73w","a3J40","9kBa5PeCEeWcIwpe-uKM9Q@4"
"branch~2NrPvSjhEeam2xJnFSlCww","a3J40","wL5LqChQEeaoPRIBqlhr5Q@1"
"99SZyjVxEeW6RApRXdjJPw","8hQcr","AI8CcM6REeWRcgrL75b_bQ@11"
"branch~2NrPvSjhEeam2xJnFSlCww","1JKFT","vwXGHChQEeaeOg6Hp9hnyw@2"
"99SZyjVxEeW6RApRXdjJPw","fFMh9","dn6ZfdEIEeWR0RIE1vRpDw@1"
"99SZyjVxEeW6RApRXdjJPw","Orpha","8jzkN86PEeWyxApSRqwlWw@6"
"99SZyjVxEeW6RApRXdjJPw","lRHE2","4qyWSs6NEeWzWQ7wuWBg7Q@1"
"branch~6o3Tbxt3Eea6zxLIiAy73w","lRHE2","9LQVjveCEeWJoRIC9GAuIw@4"
"branch~2NrPvSjhEeam2xJnFSlCww","7UTtN","vufdjihQEeaLEw5C-qNm0w@5"
"branch~6o3Tbxt3Eea6zxLIiAy73w","ch4H9","9KUiQfeCEeWc5xLFVM5IsQ@1"
"99SZyjVxEeW6RApRXdjJPw","Utvpp","em6s9NEVEeWlfA7f_IUrbw@11"
"branch~6o3Tbxt3Eea6zxLIiAy73w","Orpha","9cdbFPeCEeWYNAoGmttnCw@2"
"branch~2NrPvSjhEeam2xJnFSlCww","PvXZU","wRv7mChQEeaVWgodRB5guQ@2"
"branch~2NrPvSjhEeam2xJnFSlCww","LO8xW","wIEbqihQEeaQAQovE5D5Iw@3"
"branch~6o3Tbxt3Eea6zxLIiAy73w","fFMh9","9rsJSfeCEeWJoRIC9GAuIw@8"
"99SZyjVxEeW6RApRXdjJPw","PvXZU","-xK13dEPEeW3igq7kvt3qw@5"
"branch~2NrPvSjhEeam2xJnFSlCww","7UTtN","vufdjihQEeaLEw5C-qNm0w@2"
"branch~6o3Tbxt3Eea6zxLIiAy73w","YLJk4","9tm1JveCEeWwOA4X7vTG_Q@2"
"99SZyjVxEeW6RApRXdjJPw","6rdPD","7T_9jdGpEeWHOA7t0uQ0Ww@1"
"99SZyjVxEeW6RApRXdjJPw","YLJk4","NYjqqtESEeWR0RIE1vRpDw@1"
"branch~2NrPvSjhEeam2xJnFSlCww","Utvpp","wXYC7ShQEeaGtw7VJ4hX6w@1"
"99SZyjVxEeW6RApRXdjJPw","a3J40","nqhqtdAbEeWJ8go9jrGl7Q@6"
"99SZyjVxEeW6RApRXdjJPw","E6m7K","ZqZRCtTbEeWHOA7t0uQ0Ww@4"
"99SZyjVxEeW6RApRXdjJPw","PvXZU","-xK13dEPEeW3igq7kvt3qw@3"
"99SZyjVxEeW6RApRXdjJPw","8hQcr","AI8CcM6REeWRcgrL75b_bQ@8"
"99SZyjVxEeW6RApRXdjJPw","YRR22","B7quoNEDEeW86A4dl3pnEQ@5"
"branch~2NrPvSjhEeam2xJnFSlCww","ch4H9","vvT88ChQEeaLEw5C-qNm0w@2"
"99SZyjVxEeW6RApRXdjJPw","ch4H9","o40uFM6MEeW4gBJQzjtgDw@9"
"99SZyjVxEeW6RApRXdjJPw","fFMh9","dn6ZfdEIEeWR0RIE1vRpDw@9"
"branch~6o3Tbxt3Eea6zxLIiAy73w","lRHE2","9LQVjveCEeWJoRIC9GAuIw@2"
"99SZyjVxEeW6RApRXdjJPw","q0yAj","dGK4i9AXEeWJ8go9jrGl7Q@4"
"branch~2NrPvSjhEeam2xJnFSlCww","YLJk4","wVhBSyhQEeaVWgodRB5guQ@1"
"99SZyjVxEeW6RApRXdjJPw","YRR22","B7quoNEDEeW86A4dl3pnEQ@9"
"99SZyjVxEeW6RApRXdjJPw","fFMh9","dn6ZfdEIEeWR0RIE1vRpDw@10"
"branch~6o3Tbxt3Eea6zxLIiAy73w","Orpha","9cdbFPeCEeWYNAoGmttnCw@1"
"branch~6o3Tbxt3Eea6zxLIiAy73w","Orpha","9cdbFPeCEeWYNAoGmttnCw@3"
"branch~6o3Tbxt3Eea6zxLIiAy73w","ch4H9","9KUiQfeCEeWc5xLFVM5IsQ@2"
"branch~6o3Tbxt3Eea6zxLIiAy73w","lRHE2","9LQVjveCEeWJoRIC9GAuIw@1"
"99SZyjVxEeW6RApRXdjJPw","fFMh9","dn6ZfdEIEeWR0RIE1vRpDw@3"
"99SZyjVxEeW6RApRXdjJPw","ch4H9","o40uFM6MEeW4gBJQzjtgDw@4"
"99SZyjVxEeW6RApRXdjJPw","8hQcr","AI8CcM6REeWRcgrL75b_bQ@9"
"99SZyjVxEeW6RApRXdjJPw","ch4H9","o40uFM6MEeW4gBJQzjtgDw@12"
"99SZyjVxEeW6RApRXdjJPw","YLJk4","NYjqqtESEeWR0RIE1vRpDw@5"
"99SZyjVxEeW6RApRXdjJPw","Utvpp","em6s9NEVEeWlfA7f_IUrbw@1"
"99SZyjVxEeW6RApRXdjJPw","YRR22","B7quoNEDEeW86A4dl3pnEQ@7"
"99SZyjVxEeW6RApRXdjJPw","YRR22","B7quoNEDEeW86A4dl3pnEQ@6"
"99SZyjVxEeW6RApRXdjJPw","Orpha","8jzkN86PEeWyxApSRqwlWw@4"
"branch~6o3Tbxt3Eea6zxLIiAy73w","LO8xW","tWcp8yKUEeacfQqKnSvi7Q@2"
"99SZyjVxEeW6RApRXdjJPw","E6m7K","ZqZRCtTbEeWHOA7t0uQ0Ww@5"
"99SZyjVxEeW6RApRXdjJPw","Utvpp","em6s9NEVEeWlfA7f_IUrbw@8"
"99SZyjVxEeW6RApRXdjJPw","E6m7K","ZqZRCtTbEeWHOA7t0uQ0Ww@11"
"99SZyjVxEeW6RApRXdjJPw","PvXZU","-xK13dEPEeW3igq7kvt3qw@6"
"branch~2NrPvSjhEeam2xJnFSlCww","lRHE2","vxRFFShQEeaGtw7VJ4hX6w@2"
"branch~2NrPvSjhEeam2xJnFSlCww","E6m7K","wOQjKihQEeaoPRIBqlhr5Q@2"
"99SZyjVxEeW6RApRXdjJPw","ch4H9","o40uFM6MEeW4gBJQzjtgDw@3"
"99SZyjVxEeW6RApRXdjJPw","Utvpp","em6s9NEVEeWlfA7f_IUrbw@12"
"99SZyjVxEeW6RApRXdjJPw","7UTtN","P3kcYs6CEeW6bA4RgCmm0Q@5"
"99SZyjVxEeW6RApRXdjJPw","8hQcr","AI8CcM6REeWRcgrL75b_bQ@3"
"branch~2NrPvSjhEeam2xJnFSlCww","fFMh9","wTlH0ChQEeaOBAr7VGzUHw@2"
"99SZyjVxEeW6RApRXdjJPw","8hQcr","AI8CcM6REeWRcgrL75b_bQ@1"
"branch~6o3Tbxt3Eea6zxLIiAy73w","8hQcr","9ffhC_eCEeWkJA7vZIsK9Q@1"
"99SZyjVxEeW6RApRXdjJPw","8hQcr","AI8CcM6REeWRcgrL75b_bQ@6"
"branch~2NrPvSjhEeam2xJnFSlCww","fFMh9","wTlH0ChQEeaOBAr7VGzUHw@4"
"99SZyjVxEeW6RApRXdjJPw","PvXZU","-xK13dEPEeW3igq7kvt3qw@1"
"99SZyjVxEeW6RApRXdjJPw","E6m7K","ZqZRCtTbEeWHOA7t0uQ0Ww@8"
"99SZyjVxEeW6RApRXdjJPw","lRHE2","4qyWSs6NEeWzWQ7wuWBg7Q@7"
"99SZyjVxEeW6RApRXdjJPw","8hQcr","AI8CcM6REeWRcgrL75b_bQ@10"
"99SZyjVxEeW6RApRXdjJPw","lRHE2","4qyWSs6NEeWzWQ7wuWBg7Q@3"
"99SZyjVxEeW6RApRXdjJPw","ch4H9","o40uFM6MEeW4gBJQzjtgDw@1"
"99SZyjVxEeW6RApRXdjJPw","YRR22","B7quoNEDEeW86A4dl3pnEQ@1"
"branch~6o3Tbxt3Eea6zxLIiAy73w","a3J40","9kBa5PeCEeWcIwpe-uKM9Q@3"
"99SZyjVxEeW6RApRXdjJPw","ch4H9","o40uFM6MEeW4gBJQzjtgDw@8"
"99SZyjVxEeW6RApRXdjJPw","a3J40","nqhqtdAbEeWJ8go9jrGl7Q@3"
"99SZyjVxEeW6RApRXdjJPw","a3J40","nqhqtdAbEeWJ8go9jrGl7Q@4"
"branch~6o3Tbxt3Eea6zxLIiAy73w","E6m7K","9l-i1veCEeWoVw4RkdPOvQ@5"
"branch~2NrPvSjhEeam2xJnFSlCww","1JKFT","vwXGHChQEeaeOg6Hp9hnyw@1"
"branch~2NrPvSjhEeam2xJnFSlCww","jDnF8","wGJvpShQEea5Nw6WU2nKtw@3"
"branch~6o3Tbxt3Eea6zxLIiAy73w","8hQcr","9ffhC_eCEeWkJA7vZIsK9Q@3"
"99SZyjVxEeW6RApRXdjJPw","7UTtN","P3kcYs6CEeW6bA4RgCmm0Q@6"
"branch~6o3Tbxt3Eea6zxLIiAy73w","jDnF8","9gWb5veCEeWoVw4RkdPOvQ@4"
"branch~2NrPvSjhEeam2xJnFSlCww","Orpha","wCZRVyhQEeaeOg6Hp9hnyw@1"
"branch~6o3Tbxt3Eea6zxLIiAy73w","8hQcr","9ffhC_eCEeWkJA7vZIsK9Q@2"
"99SZyjVxEeW6RApRXdjJPw","Orpha","8jzkN86PEeWyxApSRqwlWw@7"
"99SZyjVxEeW6RApRXdjJPw","q0yAj","dGK4i9AXEeWJ8go9jrGl7Q@6"
"99SZyjVxEeW6RApRXdjJPw","fFMh9","dn6ZfdEIEeWR0RIE1vRpDw@8"
"branch~2NrPvSjhEeam2xJnFSlCww","lRHE2","vxRFFShQEeaGtw7VJ4hX6w@1"
"99SZyjVxEeW6RApRXdjJPw","a3J40","nqhqtdAbEeWJ8go9jrGl7Q@5"
"branch~2NrPvSjhEeam2xJnFSlCww","8hQcr","wFPJjyhQEeaVWgodRB5guQ@2"
"branch~2NrPvSjhEeam2xJnFSlCww","YRR22","wPvw6ihQEeaGtw7VJ4hX6w@2"
"99SZyjVxEeW6RApRXdjJPw","q0yAj","dGK4i9AXEeWJ8go9jrGl7Q@3"
"99SZyjVxEeW6RApRXdjJPw","E6m7K","ZqZRCtTbEeWHOA7t0uQ0Ww@7"
"branch~2NrPvSjhEeam2xJnFSlCww","8hQcr","wFPJjyhQEeaVWgodRB5guQ@1"
"branch~6o3Tbxt3Eea6zxLIiAy73w","1JKFT","RIIMfveGEeWSPQpVZJn7FQ@1"
"99SZyjVxEeW6RApRXdjJPw","jDnF8","25sis86eEeWljg6vNXStKQ@6"
"branch~2NrPvSjhEeam2xJnFSlCww","q0yAj","wJGWByhQEea9ZhJKQvAauw@1"
"branch~6o3Tbxt3Eea6zxLIiAy73w","a3J40","9kBa5PeCEeWcIwpe-uKM9Q@2"
"branch~6o3Tbxt3Eea6zxLIiAy73w","6rdPD","9xYhwPeCEeWfIgr8kiI5JQ@1"
"99SZyjVxEeW6RApRXdjJPw","YLJk4","NYjqqtESEeWR0RIE1vRpDw@6"
"branch~2NrPvSjhEeam2xJnFSlCww","LO8xW","wIEbqihQEeaQAQovE5D5Iw@2"
"99SZyjVxEeW6RApRXdjJPw","YLJk4","NYjqqtESEeWR0RIE1vRpDw@7"
"branch~6o3Tbxt3Eea6zxLIiAy73w","E6m7K","9l-i1veCEeWoVw4RkdPOvQ@1"
"branch~6o3Tbxt3Eea6zxLIiAy73w","jDnF8","9gWb5veCEeWoVw4RkdPOvQ@2"
"branch~6o3Tbxt3Eea6zxLIiAy73w","jDnF8","9gWb5veCEeWoVw4RkdPOvQ@1"
"branch~6o3Tbxt3Eea6zxLIiAy73w","fFMh9","9rsJSfeCEeWJoRIC9GAuIw@4"
"branch~6o3Tbxt3Eea6zxLIiAy73w","8hQcr","9ffhC_eCEeWkJA7vZIsK9Q@4"
