course_id,ualberta_feedback_user_id,feedback_system,feedback_rating,feedback_max_rating,feedback_ts
"99SZyjVxEeW6RApRXdjJPw",191de34e5bc8b078862254d79c7f527134320073,"NPS_FIRST_WEEK",10,10,2016-04-03 02:09:04.126
"99SZyjVxEeW6RApRXdjJPw",a6ffd5da0cba5fbe458c48c82554e12874014ad3,"NPS_END_OF_COURSE",10,10,2016-05-04 06:52:26.469
"99SZyjVxEeW6RApRXdjJPw",a6ffd5da0cba5fbe458c48c82554e12874014ad3,"NPS_FIRST_WEEK",10,10,2016-03-27 08:16:22.584
"99SZyjVxEeW6RApRXdjJPw",751d5333eabfa71f2e8a9858568595340fbf9273,"NPS_END_OF_COURSE",10,10,2016-05-26 21:40:55.773
"99SZyjVxEeW6RApRXdjJPw",751d5333eabfa71f2e8a9858568595340fbf9273,"NPS_FIRST_WEEK",10,10,2016-03-30 12:22:31.702
"99SZyjVxEeW6RApRXdjJPw",751d5333eabfa71f2e8a9858568595340fbf9273,"STAR",5,5,2016-05-26 21:42:32.839
"99SZyjVxEeW6RApRXdjJPw",7a868f943637727ca9eb2624f6713c19a67995c5,"NPS_FIRST_WEEK",7,10,2016-04-03 21:42:34.044
"99SZyjVxEeW6RApRXdjJPw",eb46162e54b77ba2ab983fd019e02151f1ac4a7e,"NPS_FIRST_WEEK",10,10,2016-03-27 19:07:10.205
"99SZyjVxEeW6RApRXdjJPw",3a322182e30ef4f60d778c8440dc5f5dbad38424,"NPS_FIRST_WEEK",7,10,2016-03-28 00:55:24.074
"99SZyjVxEeW6RApRXdjJPw",406daf93658e2f702567279760811949192803b9,"STAR",5,5,2016-04-21 23:16:20.954
"99SZyjVxEeW6RApRXdjJPw",1cf59874e4063c043f21ae921ab633ae4a9fb245,"NPS_FIRST_WEEK",10,10,2016-04-03 17:48:44.41
"99SZyjVxEeW6RApRXdjJPw",f27825a0b9a8da8549527eb0ae44c2de9e63078f,"NPS_FIRST_WEEK",9,10,2016-04-03 12:48:04.289
"99SZyjVxEeW6RApRXdjJPw",11744a320535fa071dd37d0463bbe8f7420745d2,"NPS_END_OF_COURSE",10,10,2016-04-24 21:31:36.353
"99SZyjVxEeW6RApRXdjJPw",59c8e525c04dd0599118ba66b80432eb1038c146,"NPS_FIRST_WEEK",10,10,2016-03-28 18:37:15.394
"99SZyjVxEeW6RApRXdjJPw",647b333f85ca0f13b1924dddeb33fe83df2c7a4f,"STAR",5,5,2016-04-05 18:15:24.306
"99SZyjVxEeW6RApRXdjJPw",285d4f5a4753f8a819eecaee27e8e548c89b0f02,"NPS_END_OF_COURSE",9,10,2016-05-02 15:04:56.738
"99SZyjVxEeW6RApRXdjJPw",285d4f5a4753f8a819eecaee27e8e548c89b0f02,"NPS_FIRST_WEEK",8,10,2016-04-01 19:42:45.952
"99SZyjVxEeW6RApRXdjJPw",0dadc4688ea62772b9bb3c1843bf2e8e415ca21d,"NPS_FIRST_WEEK",6,10,2016-04-02 16:19:18.664
"99SZyjVxEeW6RApRXdjJPw",782a750d330766a661d26371b92dafe1a7a2c148,"NPS_END_OF_COURSE",10,10,2016-05-04 20:48:00.469
"99SZyjVxEeW6RApRXdjJPw",782a750d330766a661d26371b92dafe1a7a2c148,"NPS_FIRST_WEEK",10,10,2016-03-30 04:21:02.114
"99SZyjVxEeW6RApRXdjJPw",782a750d330766a661d26371b92dafe1a7a2c148,"STAR",5,5,2016-04-01 14:06:52.579
"99SZyjVxEeW6RApRXdjJPw",fd254424b72592bc00e1ec8b707f778a5ed45223,"NPS_FIRST_WEEK",9,10,2016-04-02 09:12:00.565
"99SZyjVxEeW6RApRXdjJPw",be567e757ac1cb4a17453eca19de4f93c837e2e7,"STAR",5,5,2016-03-27 15:21:27.094
"99SZyjVxEeW6RApRXdjJPw",dc7c10cbf6e33af2e29610f9560b8eb00097f823,"NPS_END_OF_COURSE",9,10,2016-06-27 18:37:42.037
"99SZyjVxEeW6RApRXdjJPw",3ca79d65650c9631cf3c1acdf554e4b16f814e08,"NPS_END_OF_COURSE",10,10,2016-05-01 02:14:36.756
"99SZyjVxEeW6RApRXdjJPw",3ca79d65650c9631cf3c1acdf554e4b16f814e08,"NPS_FIRST_WEEK",10,10,2016-03-26 14:22:16.511
"99SZyjVxEeW6RApRXdjJPw",3ca79d65650c9631cf3c1acdf554e4b16f814e08,"STAR",5,5,2016-04-30 00:01:36.555
"99SZyjVxEeW6RApRXdjJPw",6e268ded726e1e8c1bf8697e2d3cea0b5355c3d5,"NPS_END_OF_COURSE",10,10,2016-04-30 18:55:01.694
"99SZyjVxEeW6RApRXdjJPw",6e268ded726e1e8c1bf8697e2d3cea0b5355c3d5,"NPS_FIRST_WEEK",9,10,2016-03-22 15:29:54.994
"99SZyjVxEeW6RApRXdjJPw",6e268ded726e1e8c1bf8697e2d3cea0b5355c3d5,"STAR",5,5,2016-07-15 17:05:34.377
"99SZyjVxEeW6RApRXdjJPw",cccd627ea7f71d26abe0af26a3246a028724b9db,"NPS_END_OF_COURSE",10,10,2016-06-28 08:13:58.721
"99SZyjVxEeW6RApRXdjJPw",620bacc4f8847b5c1409918761a75ab71cb4d6b0,"NPS_END_OF_COURSE",8,10,2016-04-26 19:00:59.227
"99SZyjVxEeW6RApRXdjJPw",832be4df6bdd650914b9904e82b0e3c570b51da4,"NPS_FIRST_WEEK",7,10,2016-03-31 10:10:05.694
"99SZyjVxEeW6RApRXdjJPw",fdd56a6640f01328df261ecef6aadb9fb9a47c4b,"NPS_END_OF_COURSE",9,10,2016-04-28 12:31:13.608
"99SZyjVxEeW6RApRXdjJPw",e2f8414221a78fbb226118281942a24300163010,"NPS_FIRST_WEEK",8,10,2016-04-04 02:35:43.431
"99SZyjVxEeW6RApRXdjJPw",92d4e2a44fff2f21d33c9996ac60dcb51e032468,"NPS_END_OF_COURSE",10,10,2016-04-11 14:30:59.968
"99SZyjVxEeW6RApRXdjJPw",a9be8bb14545924117ab4e88ec717d6405c83daf,"NPS_END_OF_COURSE",10,10,2016-05-19 18:38:00.709
"99SZyjVxEeW6RApRXdjJPw",a9be8bb14545924117ab4e88ec717d6405c83daf,"STAR",5,5,2016-05-03 16:03:26.584
"99SZyjVxEeW6RApRXdjJPw",c6243f697d977a71a34acebee8621bc51d31af92,"NPS_END_OF_COURSE",10,10,2016-05-02 18:01:24.291
"99SZyjVxEeW6RApRXdjJPw",c6243f697d977a71a34acebee8621bc51d31af92,"STAR",5,5,2016-05-20 20:36:27.023
"99SZyjVxEeW6RApRXdjJPw",5cfefcdd04e587bc855061b647297ffa1b22761b,"NPS_FIRST_WEEK",10,10,2016-05-23 17:23:49.566
"99SZyjVxEeW6RApRXdjJPw",d154d0d99095a06f3236503e662d1a5a2a6cc56a,"NPS_END_OF_COURSE",10,10,2016-04-18 21:33:06.194
"99SZyjVxEeW6RApRXdjJPw",d154d0d99095a06f3236503e662d1a5a2a6cc56a,"NPS_FIRST_WEEK",10,10,2016-03-28 01:07:33.338
"99SZyjVxEeW6RApRXdjJPw",3774bdb2e6f9f47cb89ee801d2175a7dd364d969,"NPS_FIRST_WEEK",10,10,2016-03-28 04:58:10.827
"99SZyjVxEeW6RApRXdjJPw",5429062404d0c885659f1009b70bda1e3cbb9e75,"NPS_FIRST_WEEK",10,10,2016-04-03 15:29:59.01
"99SZyjVxEeW6RApRXdjJPw",0b2b9e86eae3c19295d3d4f63fdf23349b2eb549,"NPS_FIRST_WEEK",9,10,2016-05-29 21:16:29.082
"99SZyjVxEeW6RApRXdjJPw",01d8802289a8049d9d9b0dbe177c366f94f75127,"NPS_END_OF_COURSE",10,10,2016-04-27 08:51:47.926
"99SZyjVxEeW6RApRXdjJPw",01d8802289a8049d9d9b0dbe177c366f94f75127,"NPS_FIRST_WEEK",9,10,2016-04-01 15:13:52.539
"99SZyjVxEeW6RApRXdjJPw",95ab9ea03513b945bebfe1564b0239e0a0de546e,"STAR",5,5,2016-05-30 20:33:34.663
"99SZyjVxEeW6RApRXdjJPw",e896b25a43eafe87d4f38023d952495182ca63e0,"NPS_FIRST_WEEK",10,10,2016-05-22 06:30:36.492
"99SZyjVxEeW6RApRXdjJPw",e896b25a43eafe87d4f38023d952495182ca63e0,"STAR",5,5,2016-06-18 10:14:54.94
"99SZyjVxEeW6RApRXdjJPw",72475792bfdb24a92308665b5b921ca55663a9d3,"NPS_END_OF_COURSE",10,10,2016-04-04 06:48:25.874
"99SZyjVxEeW6RApRXdjJPw",72475792bfdb24a92308665b5b921ca55663a9d3,"NPS_FIRST_WEEK",10,10,2016-03-24 22:30:18.727
"99SZyjVxEeW6RApRXdjJPw",2a1df313ec4bd1c0373851fe063d685fa6e45015,"NPS_END_OF_COURSE",10,10,2016-04-20 08:26:52.005
"99SZyjVxEeW6RApRXdjJPw",2a1df313ec4bd1c0373851fe063d685fa6e45015,"NPS_FIRST_WEEK",10,10,2016-03-27 15:54:58.03
"99SZyjVxEeW6RApRXdjJPw",6774cd03b38324219bd4f2a406e3c796bac2c14e,"NPS_FIRST_WEEK",10,10,2016-04-03 18:49:55.137
"99SZyjVxEeW6RApRXdjJPw",ac49a6a4c079c21b1c31ac819df5739a8d4e2649,"NPS_END_OF_COURSE",10,10,2016-05-01 18:36:45.545
"99SZyjVxEeW6RApRXdjJPw",ac49a6a4c079c21b1c31ac819df5739a8d4e2649,"STAR",5,5,2016-04-29 17:41:18.634
"99SZyjVxEeW6RApRXdjJPw",995421128dbb25c921d779edd42958f7cd375f1a,"STAR",5,5,2016-03-26 16:33:49.935
"99SZyjVxEeW6RApRXdjJPw",d2559385784ef8e3f74a7e55f6393ac6ee0b1239,"NPS_END_OF_COURSE",10,10,2016-04-15 13:17:39.738
"99SZyjVxEeW6RApRXdjJPw",a50d7eddd8a790c01aa4bd94039ed1f8c04d1042,"NPS_FIRST_WEEK",10,10,2016-03-27 08:25:56.787
"99SZyjVxEeW6RApRXdjJPw",3e40842af5518464dfb704c6b11c244755e9ea4f,"NPS_END_OF_COURSE",10,10,2016-04-27 04:28:34.686
"99SZyjVxEeW6RApRXdjJPw",3e40842af5518464dfb704c6b11c244755e9ea4f,"NPS_FIRST_WEEK",10,10,2016-03-31 05:29:00.296
"99SZyjVxEeW6RApRXdjJPw",f39abd3179541137c3b7e6e0c4d243e1575d4c49,"NPS_FIRST_WEEK",10,10,2016-05-27 17:21:49.426
"99SZyjVxEeW6RApRXdjJPw",596261ce5b273f23e60eeaf717266bac18b63012,"NPS_END_OF_COURSE",10,10,2016-07-20 16:30:33.282
"99SZyjVxEeW6RApRXdjJPw",596261ce5b273f23e60eeaf717266bac18b63012,"NPS_FIRST_WEEK",10,10,2016-05-25 04:05:17.302
"99SZyjVxEeW6RApRXdjJPw",78df4876e2ad428a0d5591969a6fa746a7ed5fbd,"NPS_FIRST_WEEK",9,10,2016-03-24 03:26:21.518
"99SZyjVxEeW6RApRXdjJPw",1a8b0fb615ee4ae0cf46bc5533c8c9a5866dddef,"STAR",5,5,2016-04-19 15:27:43.215
"99SZyjVxEeW6RApRXdjJPw",b14a16f6c2c3ff38bd7cc90f665c3458a26ab623,"NPS_END_OF_COURSE",8,10,2016-05-05 08:35:55.187
"99SZyjVxEeW6RApRXdjJPw",b14a16f6c2c3ff38bd7cc90f665c3458a26ab623,"STAR",5,5,2016-03-27 02:23:04.479
"99SZyjVxEeW6RApRXdjJPw",eaddc522d656daf7814f5e2765044c2acd482577,"NPS_FIRST_WEEK",8,10,2016-03-28 12:37:01.531
"99SZyjVxEeW6RApRXdjJPw",043e3b65b004ff3ae09c349e7162ecbb80b31dfb,"NPS_END_OF_COURSE",10,10,2016-06-22 16:17:49.771
"99SZyjVxEeW6RApRXdjJPw",aca2c9867ebe011b3f8cddfe728fbcffdacc3e3e,"NPS_FIRST_WEEK",10,10,2016-04-03 17:33:48.902
"99SZyjVxEeW6RApRXdjJPw",5070c884f1a8eb4af44ab08ed8856665cf3a46b4,"STAR",4,5,2016-04-29 18:31:36.997
"99SZyjVxEeW6RApRXdjJPw",a87ea8dca18adfe2cccd56d6669876c3b25d7f4b,"NPS_FIRST_WEEK",8,10,2016-04-02 13:23:25.961
"99SZyjVxEeW6RApRXdjJPw",896d38a767c30218e0ff5742dd2538fbb567c809,"NPS_FIRST_WEEK",10,10,2016-05-19 21:53:06.644
"99SZyjVxEeW6RApRXdjJPw",896d38a767c30218e0ff5742dd2538fbb567c809,"STAR",5,5,2016-06-14 13:53:03.661
"99SZyjVxEeW6RApRXdjJPw",348b980ee3498f957a0e80b5dcaaa9dd70ea5bf5,"NPS_END_OF_COURSE",9,10,2016-04-18 11:25:55.067
"99SZyjVxEeW6RApRXdjJPw",c7a5745d4e46b0787b6f599b12fa0d44b02ef16e,"NPS_END_OF_COURSE",8,10,2016-06-23 13:38:28.385
"99SZyjVxEeW6RApRXdjJPw",4ad47baec06a33bd5a91fcea6e39931211e436d0,"NPS_END_OF_COURSE",10,10,2016-05-01 09:35:56.918
"99SZyjVxEeW6RApRXdjJPw",4ad47baec06a33bd5a91fcea6e39931211e436d0,"NPS_FIRST_WEEK",10,10,2016-04-02 08:15:31.319
"99SZyjVxEeW6RApRXdjJPw",67110267c3c4f0f01ef3f8d537718fafedbb280d,"NPS_FIRST_WEEK",7,10,2016-04-02 20:03:57.008
"99SZyjVxEeW6RApRXdjJPw",eb3de082bd9d9ad5b7095d0559e93f7b39d46e0b,"NPS_END_OF_COURSE",10,10,2016-04-25 15:54:20.808
"99SZyjVxEeW6RApRXdjJPw",eb3de082bd9d9ad5b7095d0559e93f7b39d46e0b,"NPS_FIRST_WEEK",9,10,2016-03-26 18:31:08.562
"99SZyjVxEeW6RApRXdjJPw",ecb8b9199817206aef58f5e8591163e52071cba6,"NPS_END_OF_COURSE",9,10,2016-04-30 00:05:50.636
"99SZyjVxEeW6RApRXdjJPw",fd51e9d680230add56823570ba62671098b8d45a,"NPS_FIRST_WEEK",10,10,2016-05-25 14:40:31.393
"99SZyjVxEeW6RApRXdjJPw",2b3c12215afe5b732b57f9047ffff61315c923f4,"NPS_FIRST_WEEK",10,10,2016-04-04 02:12:01.272
"99SZyjVxEeW6RApRXdjJPw",dc4fec099b9135f014bc62a0a40779d5327dc94e,"NPS_FIRST_WEEK",10,10,2016-03-31 12:53:20.717
"99SZyjVxEeW6RApRXdjJPw",dc4fec099b9135f014bc62a0a40779d5327dc94e,"STAR",5,5,2016-04-08 11:21:39.615
"99SZyjVxEeW6RApRXdjJPw",6cb91075c2427b00d16a76b101fa57f325c1a287,"NPS_END_OF_COURSE",10,10,2016-06-28 14:27:04.443
"99SZyjVxEeW6RApRXdjJPw",6cb91075c2427b00d16a76b101fa57f325c1a287,"NPS_FIRST_WEEK",10,10,2016-04-10 00:12:14.77
"99SZyjVxEeW6RApRXdjJPw",6cb91075c2427b00d16a76b101fa57f325c1a287,"STAR",5,5,2016-06-29 19:18:56.609
"99SZyjVxEeW6RApRXdjJPw",042b54049a38d956540e3660b947361136bd271c,"NPS_FIRST_WEEK",10,10,2016-04-08 02:04:40.182
"99SZyjVxEeW6RApRXdjJPw",fbcb9108d67924941070c6d3793777e72eb0c5bb,"NPS_FIRST_WEEK",9,10,2016-04-02 09:35:40.604
"99SZyjVxEeW6RApRXdjJPw",fbcb9108d67924941070c6d3793777e72eb0c5bb,"STAR",4,5,2016-07-17 10:30:26.067
"99SZyjVxEeW6RApRXdjJPw",f1453bbd6aaccd3fc1358d3037bb5375d8c03b5c,"NPS_FIRST_WEEK",9,10,2016-05-26 04:46:39.604
"99SZyjVxEeW6RApRXdjJPw",f2276c24864a82117abebba900fd7da0a25406e3,"NPS_END_OF_COURSE",9,10,2016-04-27 15:17:36.838
"99SZyjVxEeW6RApRXdjJPw",ff189d5ca8172399678154ba1a5bb2c8141c096d,"NPS_END_OF_COURSE",10,10,2016-04-23 14:33:19.443
"99SZyjVxEeW6RApRXdjJPw",ff189d5ca8172399678154ba1a5bb2c8141c096d,"NPS_FIRST_WEEK",7,10,2016-03-28 04:44:08.083
"99SZyjVxEeW6RApRXdjJPw",fa964d139120d237b862bd11174efea31ec79e2f,"NPS_FIRST_WEEK",10,10,2016-05-20 17:45:51.073
"99SZyjVxEeW6RApRXdjJPw",fe7f8b81ef3220e0820d75ad5be27f476d76d02f,"NPS_FIRST_WEEK",10,10,2016-03-29 09:44:17.081
"99SZyjVxEeW6RApRXdjJPw",365ab220c8cfe32623c9195567f7dac5592a0ee8,"NPS_END_OF_COURSE",7,10,2016-06-23 17:49:56.115
"99SZyjVxEeW6RApRXdjJPw",365ab220c8cfe32623c9195567f7dac5592a0ee8,"STAR",4,5,2016-06-23 17:50:47.864
"99SZyjVxEeW6RApRXdjJPw",76dc14739e959f0c2b22c6207596ea3463faa977,"NPS_END_OF_COURSE",10,10,2016-05-02 14:01:14.936
"99SZyjVxEeW6RApRXdjJPw",e9bafad0c7dc377a3aa38589d7c724902d684db6,"NPS_END_OF_COURSE",9,10,2016-06-28 07:57:32.657
"99SZyjVxEeW6RApRXdjJPw",dd02e13c654e09f54674bea021b805cce69f1c36,"NPS_END_OF_COURSE",9,10,2016-05-04 22:47:55.344
"99SZyjVxEeW6RApRXdjJPw",dd02e13c654e09f54674bea021b805cce69f1c36,"NPS_FIRST_WEEK",9,10,2016-03-28 20:24:30.156
"99SZyjVxEeW6RApRXdjJPw",d5fd8cce4f97603fa6c3b7601892dd61848e0ec3,"NPS_END_OF_COURSE",7,10,2016-04-19 13:10:34.052
"99SZyjVxEeW6RApRXdjJPw",be5ef1ccacad8114db1249d83f9fe5daa16ce5fd,"NPS_FIRST_WEEK",6,10,2016-04-01 21:40:07.944
"99SZyjVxEeW6RApRXdjJPw",f4c2c92532473052d09a75bcd81cef25ca7aca12,"STAR",4,5,2016-05-12 12:11:30.781
"99SZyjVxEeW6RApRXdjJPw",ca569828f3ef5b96a84b43246f5a2fda09f99016,"NPS_FIRST_WEEK",8,10,2016-03-31 21:41:18.719
"99SZyjVxEeW6RApRXdjJPw",358c43a3f81ed4b15048dd4cf448b56e449a54ab,"NPS_FIRST_WEEK",9,10,2016-04-15 01:19:34.999
"99SZyjVxEeW6RApRXdjJPw",523fcbe5f0625d1ade6feae6a2fcacf3e28d443b,"STAR",5,5,2016-06-28 16:01:49.46
"99SZyjVxEeW6RApRXdjJPw",411f18f86d5981bf242df2356e3bf1baed3b21f7,"NPS_FIRST_WEEK",7,10,2016-05-21 12:57:47.923
"99SZyjVxEeW6RApRXdjJPw",5003bdafeb000a565cced71c92dd0219dfb5fc4d,"NPS_END_OF_COURSE",10,10,2016-04-27 12:00:51.289
"99SZyjVxEeW6RApRXdjJPw",5003bdafeb000a565cced71c92dd0219dfb5fc4d,"NPS_FIRST_WEEK",9,10,2016-03-29 18:44:56.79
"99SZyjVxEeW6RApRXdjJPw",616015ef34cb446235e040b54aeadebf05b0381d,"NPS_END_OF_COURSE",9,10,2016-05-13 08:26:26.359
"99SZyjVxEeW6RApRXdjJPw",616015ef34cb446235e040b54aeadebf05b0381d,"NPS_FIRST_WEEK",7,10,2016-03-27 15:29:50.228
"99SZyjVxEeW6RApRXdjJPw",616015ef34cb446235e040b54aeadebf05b0381d,"STAR",5,5,2016-03-27 07:51:36.439
"99SZyjVxEeW6RApRXdjJPw",0554529d021709263c7b0b14f76935a4935b6d26,"NPS_END_OF_COURSE",10,10,2016-04-24 06:15:50.725
"99SZyjVxEeW6RApRXdjJPw",823c07b370d3d3034c493f544530c11f608988fa,"NPS_END_OF_COURSE",9,10,2016-04-29 00:28:03.439
"99SZyjVxEeW6RApRXdjJPw",823c07b370d3d3034c493f544530c11f608988fa,"NPS_FIRST_WEEK",6,10,2016-04-03 13:17:30.947
"99SZyjVxEeW6RApRXdjJPw",de91e1fc30447a4c590b5ad280aa267e6e039fd6,"NPS_END_OF_COURSE",9,10,2016-05-05 15:29:19.947
"99SZyjVxEeW6RApRXdjJPw",0620d70c7e22218c4ef64ea61d316999b59a8295,"NPS_FIRST_WEEK",10,10,2016-04-03 10:55:21.475
"99SZyjVxEeW6RApRXdjJPw",e6481a933c3d47a39e112afb1a00aea78bc73fc2,"NPS_FIRST_WEEK",8,10,2016-05-23 21:48:46.032
"99SZyjVxEeW6RApRXdjJPw",3538e6e5791b1855cb8aa9abbe2445e4cc57db13,"NPS_END_OF_COURSE",10,10,2016-04-28 07:29:05.794
"99SZyjVxEeW6RApRXdjJPw",3538e6e5791b1855cb8aa9abbe2445e4cc57db13,"NPS_FIRST_WEEK",10,10,2016-04-01 10:54:13.581
"99SZyjVxEeW6RApRXdjJPw",3538e6e5791b1855cb8aa9abbe2445e4cc57db13,"STAR",5,5,2016-03-28 11:49:52.86
"99SZyjVxEeW6RApRXdjJPw",32de7c6b478dc7d96fb7462122a4609fc2eadfa3,"NPS_FIRST_WEEK",7,10,2016-03-29 11:10:08.22
"99SZyjVxEeW6RApRXdjJPw",7e9917843975584dde296cebb1504db65f56e434,"NPS_FIRST_WEEK",6,10,2016-03-31 20:39:45.987
"99SZyjVxEeW6RApRXdjJPw",7e9917843975584dde296cebb1504db65f56e434,"STAR",5,5,2016-04-09 13:36:11.30
"99SZyjVxEeW6RApRXdjJPw",660423ae5e5365a2a539e4f896d2de5f25b79d3e,"NPS_FIRST_WEEK",10,10,2016-04-05 01:57:28.258
"99SZyjVxEeW6RApRXdjJPw",dc236ccae57491518dc612039b81660941ac25fb,"NPS_END_OF_COURSE",8,10,2016-04-24 18:24:04.448
"99SZyjVxEeW6RApRXdjJPw",dc236ccae57491518dc612039b81660941ac25fb,"NPS_FIRST_WEEK",9,10,2016-04-01 19:07:18.434
"99SZyjVxEeW6RApRXdjJPw",52637d943a5b40652de7fbecddcaefdc724a2cde,"NPS_FIRST_WEEK",10,10,2016-05-30 20:39:47.003
"99SZyjVxEeW6RApRXdjJPw",526d864089d09b860b5b3dee756626cbd4cdb4a0,"STAR",5,5,2016-03-29 19:14:13.981
"99SZyjVxEeW6RApRXdjJPw",237c9e19fab0d993a66c9d4b42d483cdee43a7a0,"NPS_FIRST_WEEK",10,10,2016-05-27 11:21:57.707
"99SZyjVxEeW6RApRXdjJPw",86b6b987dc1913e0974b6b668065f7578b87ab0d,"NPS_FIRST_WEEK",7,10,2016-03-29 02:47:28.317
"99SZyjVxEeW6RApRXdjJPw",d5ea06e03add1c39c6b30d244747270a14f2adf0,"NPS_FIRST_WEEK",10,10,2016-04-03 19:03:10.701
"99SZyjVxEeW6RApRXdjJPw",53f3187b08c24a6992f10fc32ac897cf419a1c35,"NPS_END_OF_COURSE",9,10,2016-05-03 05:23:21.42
"99SZyjVxEeW6RApRXdjJPw",53f3187b08c24a6992f10fc32ac897cf419a1c35,"NPS_FIRST_WEEK",9,10,2016-04-01 13:48:35.267
"99SZyjVxEeW6RApRXdjJPw",1ba8787cbe2c8eac1952ca016c76bbf3fd0fac86,"NPS_FIRST_WEEK",7,10,2016-04-02 16:44:43.846
"99SZyjVxEeW6RApRXdjJPw",0d85d0f7f4805934f61fb04165638a2878fb98a0,"NPS_END_OF_COURSE",5,10,2016-05-02 08:50:41.292
"99SZyjVxEeW6RApRXdjJPw",0d85d0f7f4805934f61fb04165638a2878fb98a0,"NPS_FIRST_WEEK",8,10,2016-03-25 19:06:03.681
"99SZyjVxEeW6RApRXdjJPw",5109d5bb746a7f5b030186c467c71a7043719eab,"NPS_END_OF_COURSE",9,10,2016-06-14 12:44:31.455
"99SZyjVxEeW6RApRXdjJPw",68cb25190dd7ac6d218177d2883bb963cdeaa8e5,"NPS_FIRST_WEEK",10,10,2016-04-04 16:59:03.178
"99SZyjVxEeW6RApRXdjJPw",68cb25190dd7ac6d218177d2883bb963cdeaa8e5,"STAR",5,5,2016-04-05 19:54:47.338
"99SZyjVxEeW6RApRXdjJPw",2a203b821dc19a598103f0f8ba15729f9501f7cf,"NPS_FIRST_WEEK",9,10,2016-03-28 00:40:01.876
"99SZyjVxEeW6RApRXdjJPw",1141bd27a81f4c57cd2fbb6ad1a7594cca3044e2,"NPS_END_OF_COURSE",9,10,2016-04-21 22:19:54.01
"99SZyjVxEeW6RApRXdjJPw",28dae8448326de1d785606fd93f834af3380be6e,"NPS_END_OF_COURSE",10,10,2016-06-27 01:06:08.957
"99SZyjVxEeW6RApRXdjJPw",a50027f5274455927c0862380588522ab634d9eb,"NPS_FIRST_WEEK",9,10,2016-05-29 21:09:17.272
"99SZyjVxEeW6RApRXdjJPw",7103b032d8716bd9e85ed5646e5b45b455e30121,"NPS_FIRST_WEEK",9,10,2016-04-06 14:14:47.112
"99SZyjVxEeW6RApRXdjJPw",c8f34b260ed9ef7dcca6d24663a289a18589af63,"NPS_FIRST_WEEK",10,10,2016-05-25 06:44:24.663
"99SZyjVxEeW6RApRXdjJPw",e1c9324c1294d8fe6ebec28996471665e1f2613a,"NPS_END_OF_COURSE",9,10,2016-04-27 02:04:56.115
"99SZyjVxEeW6RApRXdjJPw",6838e43cb857bffb92032de1533a7d8852366d09,"NPS_FIRST_WEEK",10,10,2016-04-04 04:51:22.145
"99SZyjVxEeW6RApRXdjJPw",1fe5a732c6aad044ad42b19474dc9118b79e9799,"NPS_END_OF_COURSE",10,10,2016-06-23 22:35:50.304
"99SZyjVxEeW6RApRXdjJPw",1fe5a732c6aad044ad42b19474dc9118b79e9799,"NPS_FIRST_WEEK",10,10,2016-05-30 02:56:02.36
"99SZyjVxEeW6RApRXdjJPw",63b1c86393490ad92e830e5e1806506e74f763fb,"STAR",5,5,2016-06-01 10:39:43.237
"99SZyjVxEeW6RApRXdjJPw",e0f236a8a31be6bd078fd853835e68f8d77b24e9,"NPS_END_OF_COURSE",10,10,2016-04-26 17:14:20.104
"99SZyjVxEeW6RApRXdjJPw",37128d7ce6f713fdf878414a2584d207dc3fa1a9,"NPS_END_OF_COURSE",10,10,2016-05-03 20:38:02.573
"99SZyjVxEeW6RApRXdjJPw",37128d7ce6f713fdf878414a2584d207dc3fa1a9,"STAR",5,5,2016-04-26 00:08:33.031
"99SZyjVxEeW6RApRXdjJPw",3554645427ff0b3e3ff3feea9a8dd8467d246113,"NPS_END_OF_COURSE",10,10,2016-04-21 10:13:13.969
"99SZyjVxEeW6RApRXdjJPw",3554645427ff0b3e3ff3feea9a8dd8467d246113,"NPS_FIRST_WEEK",10,10,2016-03-23 20:29:05.38
"99SZyjVxEeW6RApRXdjJPw",c2455adea47d17777b880fcabe785981d4bc3591,"NPS_END_OF_COURSE",8,10,2016-04-27 23:09:35.504
"99SZyjVxEeW6RApRXdjJPw",e884c7cdbc305cd5a9ec6c47bfa165985a386e76,"NPS_FIRST_WEEK",10,10,2016-03-29 15:45:19.027
"99SZyjVxEeW6RApRXdjJPw",5f7549ffc9f5f1be4e00f80d9896e06c0f78cd42,"STAR",5,5,2016-06-23 11:57:44.89
"99SZyjVxEeW6RApRXdjJPw",800d7ca6436aee8d7d63103cf50d687c84eed5da,"NPS_FIRST_WEEK",10,10,2016-05-29 20:12:30.841
"99SZyjVxEeW6RApRXdjJPw",800d7ca6436aee8d7d63103cf50d687c84eed5da,"STAR",5,5,2016-07-06 01:36:19.179
"99SZyjVxEeW6RApRXdjJPw",437c24c1c450e456a46bc23b96da9ddb13cdc26b,"NPS_FIRST_WEEK",8,10,2016-04-02 09:15:59.547
"99SZyjVxEeW6RApRXdjJPw",ba0120672df54c5d1649a1f07f42682c1a77f2fd,"NPS_END_OF_COURSE",9,10,2016-05-05 16:40:33.137
"99SZyjVxEeW6RApRXdjJPw",ba0120672df54c5d1649a1f07f42682c1a77f2fd,"NPS_FIRST_WEEK",8,10,2016-04-03 10:23:07.14
"99SZyjVxEeW6RApRXdjJPw",32010714086fc82e92ff012492eb65ca049ebf68,"NPS_FIRST_WEEK",10,10,2016-03-26 15:38:44.099
"99SZyjVxEeW6RApRXdjJPw",bedd0897c97a29704ebe2c668e4a0d3d4119f704,"NPS_FIRST_WEEK",10,10,2016-03-30 19:31:54.802
"99SZyjVxEeW6RApRXdjJPw",bf187642e6d8841d7ab95dc8a9ec596e4e43e07d,"NPS_END_OF_COURSE",9,10,2016-05-02 08:50:27.613
"99SZyjVxEeW6RApRXdjJPw",bf187642e6d8841d7ab95dc8a9ec596e4e43e07d,"NPS_FIRST_WEEK",9,10,2016-04-01 19:35:06.39
"99SZyjVxEeW6RApRXdjJPw",8ae8a9698958c83dba912988de96a52889a823ca,"NPS_END_OF_COURSE",10,10,2016-06-29 05:25:35.504
"99SZyjVxEeW6RApRXdjJPw",3eec9f6471dbdc4da92bc896a6a2423e3a433340,"NPS_END_OF_COURSE",9,10,2016-05-01 16:26:57.193
"99SZyjVxEeW6RApRXdjJPw",586db0c3c241db3937fb34ff28118c3eb0b8d55d,"NPS_END_OF_COURSE",10,10,2016-04-19 08:19:22.551
"99SZyjVxEeW6RApRXdjJPw",586db0c3c241db3937fb34ff28118c3eb0b8d55d,"NPS_FIRST_WEEK",10,10,2016-03-27 22:46:48.998
"99SZyjVxEeW6RApRXdjJPw",586db0c3c241db3937fb34ff28118c3eb0b8d55d,"STAR",5,5,2016-03-26 22:59:25.101
"99SZyjVxEeW6RApRXdjJPw",2740bac1d76d6e08301a495624a13bcb4e543d30,"NPS_END_OF_COURSE",10,10,2016-07-07 01:09:10.795
"99SZyjVxEeW6RApRXdjJPw",de8c861d9958f4516807a3f400254a22f855ddfc,"NPS_FIRST_WEEK",10,10,2016-03-24 08:40:53.433
"99SZyjVxEeW6RApRXdjJPw",ff9d0d9e195b7a972639b5b46649e40ed48119e7,"NPS_END_OF_COURSE",10,10,2016-04-19 12:47:02.997
"99SZyjVxEeW6RApRXdjJPw",ff9d0d9e195b7a972639b5b46649e40ed48119e7,"NPS_FIRST_WEEK",10,10,2016-03-29 05:34:42.213
"99SZyjVxEeW6RApRXdjJPw",34d71b8666b5498267a84bf019254523b675c34e,"NPS_END_OF_COURSE",9,10,2016-05-06 13:48:21.415
"99SZyjVxEeW6RApRXdjJPw",6389c9a453d972785fa30fccc2a078f79fdab9e1,"NPS_FIRST_WEEK",8,10,2016-04-05 21:48:58.842
"99SZyjVxEeW6RApRXdjJPw",2867d814834b667e73e66ef8f3cbf138221d9635,"NPS_END_OF_COURSE",5,10,2016-04-30 12:43:32.886
"99SZyjVxEeW6RApRXdjJPw",5be7640074be250361b7f97cdd1dddb45d214894,"NPS_END_OF_COURSE",8,10,2016-04-10 16:41:40.017
"99SZyjVxEeW6RApRXdjJPw",5be7640074be250361b7f97cdd1dddb45d214894,"NPS_FIRST_WEEK",7,10,2016-03-30 11:04:29.519
"99SZyjVxEeW6RApRXdjJPw",1acde376566be41fb613726846f2d27e6165c1d1,"NPS_FIRST_WEEK",10,10,2016-04-02 06:58:23.629
"99SZyjVxEeW6RApRXdjJPw",1acde376566be41fb613726846f2d27e6165c1d1,"STAR",5,5,2016-04-11 08:59:14.206
"99SZyjVxEeW6RApRXdjJPw",a15e90ba6527a5d3dc6eea9645f2fa93de394656,"NPS_END_OF_COURSE",9,10,2016-05-01 19:14:38.395
"99SZyjVxEeW6RApRXdjJPw",a15e90ba6527a5d3dc6eea9645f2fa93de394656,"NPS_FIRST_WEEK",10,10,2016-04-03 05:50:55.271
"99SZyjVxEeW6RApRXdjJPw",e322409128fa0e21a8bdbc21bfd2a41e7e6aad3a,"NPS_FIRST_WEEK",1,10,2016-03-29 11:31:35.458
"99SZyjVxEeW6RApRXdjJPw",e322409128fa0e21a8bdbc21bfd2a41e7e6aad3a,"STAR",5,5,2016-04-10 13:18:52.02
"99SZyjVxEeW6RApRXdjJPw",7c660f41ade308e3cb299478dbd0357ee72684ae,"NPS_FIRST_WEEK",9,10,2016-03-27 11:12:33.662
"99SZyjVxEeW6RApRXdjJPw",a531bec3d837c1675375eba8814916e6cf32d5cd,"NPS_END_OF_COURSE",8,10,2016-04-28 20:15:26.062
"99SZyjVxEeW6RApRXdjJPw",a531bec3d837c1675375eba8814916e6cf32d5cd,"NPS_FIRST_WEEK",8,10,2016-04-03 20:15:19.777
"99SZyjVxEeW6RApRXdjJPw",2806bec9d188dc8ad815f8d251b52eeba77819de,"NPS_END_OF_COURSE",7,10,2016-06-10 02:21:37.807
"99SZyjVxEeW6RApRXdjJPw",f5bbebb0af116761b86745b3ea98740312d94154,"NPS_FIRST_WEEK",10,10,2016-04-01 07:58:54.535
"99SZyjVxEeW6RApRXdjJPw",5ec85e4fd1961efcb9250b05b2bcf1ddae16c960,"NPS_END_OF_COURSE",10,10,2016-06-16 08:17:37.89
"99SZyjVxEeW6RApRXdjJPw",5ec85e4fd1961efcb9250b05b2bcf1ddae16c960,"NPS_FIRST_WEEK",10,10,2016-03-28 11:53:16.206
"99SZyjVxEeW6RApRXdjJPw",ba4dc5ea0a9236fc74588ffc72db65b38afb7392,"NPS_FIRST_WEEK",7,10,2016-03-29 01:20:34.137
"99SZyjVxEeW6RApRXdjJPw",a327069fae807ebd844f967798624ce7ad40517e,"NPS_END_OF_COURSE",8,10,2016-06-27 07:21:54.713
"99SZyjVxEeW6RApRXdjJPw",f09f57ee50e15d7bf9752af2b50dd7174534a973,"NPS_END_OF_COURSE",10,10,2016-05-02 19:48:04.981
"99SZyjVxEeW6RApRXdjJPw",f09f57ee50e15d7bf9752af2b50dd7174534a973,"STAR",5,5,2016-05-02 19:55:43.10
"99SZyjVxEeW6RApRXdjJPw",93f9eba7c7abfe509515ecbe2efbb78d72bc1d51,"NPS_END_OF_COURSE",10,10,2016-06-27 20:40:54.733
"99SZyjVxEeW6RApRXdjJPw",93f9eba7c7abfe509515ecbe2efbb78d72bc1d51,"NPS_FIRST_WEEK",10,10,2016-05-22 12:52:21.511
"99SZyjVxEeW6RApRXdjJPw",93f9eba7c7abfe509515ecbe2efbb78d72bc1d51,"STAR",5,5,2016-06-29 09:58:32.835
"99SZyjVxEeW6RApRXdjJPw",db814260f8f8918bd5b9aeeba82045c96c503117,"NPS_END_OF_COURSE",10,10,2016-06-26 14:26:16.142
"99SZyjVxEeW6RApRXdjJPw",db814260f8f8918bd5b9aeeba82045c96c503117,"NPS_FIRST_WEEK",10,10,2016-05-26 21:49:30.291
"99SZyjVxEeW6RApRXdjJPw",db814260f8f8918bd5b9aeeba82045c96c503117,"STAR",5,5,2016-06-26 14:27:58.983
"99SZyjVxEeW6RApRXdjJPw",7b06f46a238a7fd32073c06094369d9e4b3dc753,"NPS_END_OF_COURSE",10,10,2016-04-12 02:00:35.185
"99SZyjVxEeW6RApRXdjJPw",7b06f46a238a7fd32073c06094369d9e4b3dc753,"NPS_FIRST_WEEK",10,10,2016-03-26 20:01:24.44
"99SZyjVxEeW6RApRXdjJPw",7b06f46a238a7fd32073c06094369d9e4b3dc753,"STAR",5,5,2016-06-08 04:51:20.359
"99SZyjVxEeW6RApRXdjJPw",e7586b5a9fc0f0b7aa01e50a8ee513f92ba1cc55,"NPS_END_OF_COURSE",8,10,2016-06-19 22:14:40.549
"99SZyjVxEeW6RApRXdjJPw",e7586b5a9fc0f0b7aa01e50a8ee513f92ba1cc55,"NPS_FIRST_WEEK",7,10,2016-05-30 18:27:34.73
"99SZyjVxEeW6RApRXdjJPw",0985abe2da4ae3f626155074c7e5ea78faeb54b6,"NPS_END_OF_COURSE",10,10,2016-05-02 19:33:19.976
"99SZyjVxEeW6RApRXdjJPw",0985abe2da4ae3f626155074c7e5ea78faeb54b6,"NPS_FIRST_WEEK",10,10,2016-04-02 09:55:55.14
"99SZyjVxEeW6RApRXdjJPw",582bd5e30aa6898b101538ccc8d0027aa838ab62,"NPS_FIRST_WEEK",8,10,2016-05-25 01:05:34.857
"99SZyjVxEeW6RApRXdjJPw",24b19143b19bd7d80cc1588f2fed957c94d243b4,"NPS_END_OF_COURSE",10,10,2016-07-05 02:06:06.498
"99SZyjVxEeW6RApRXdjJPw",24b19143b19bd7d80cc1588f2fed957c94d243b4,"NPS_FIRST_WEEK",9,10,2016-04-03 19:31:13.562
"99SZyjVxEeW6RApRXdjJPw",95c6d334336313c39cfe9f477fca4949b594b891,"NPS_END_OF_COURSE",8,10,2016-04-25 07:00:16.082
"99SZyjVxEeW6RApRXdjJPw",ba825be8890e13e19791cc9b7765f1165b31dafa,"NPS_FIRST_WEEK",9,10,2016-04-03 14:55:02.667
"99SZyjVxEeW6RApRXdjJPw",f82b1bcb7e5e3252339b5c0d8530f7ee27d56577,"STAR",4,5,2016-06-12 04:21:52.859
"99SZyjVxEeW6RApRXdjJPw",9b69f896e12083d9ec24b702985715325e51b50e,"NPS_FIRST_WEEK",10,10,2016-04-07 22:14:26.02
"99SZyjVxEeW6RApRXdjJPw",1c7e73db6b3781d4d831d3bd995e908afbad5f46,"NPS_END_OF_COURSE",9,10,2016-05-05 06:40:02.105
"99SZyjVxEeW6RApRXdjJPw",1c7e73db6b3781d4d831d3bd995e908afbad5f46,"NPS_FIRST_WEEK",10,10,2016-04-03 18:45:57.638
"99SZyjVxEeW6RApRXdjJPw",d50ae930eefa75e9d22f05d43dad3791d07c7231,"NPS_FIRST_WEEK",10,10,2016-03-30 11:32:28.681
"99SZyjVxEeW6RApRXdjJPw",d50ae930eefa75e9d22f05d43dad3791d07c7231,"STAR",5,5,2016-06-14 02:34:43.859
"99SZyjVxEeW6RApRXdjJPw",2408a24421bb4d893a7421838ecc8b8ba8736378,"NPS_END_OF_COURSE",10,10,2016-05-01 10:48:44.96
"99SZyjVxEeW6RApRXdjJPw",ef6f8854a9be40fdbfbe1994fb3cf9199ed096e1,"NPS_END_OF_COURSE",10,10,2016-04-20 10:21:27.441
"99SZyjVxEeW6RApRXdjJPw",ef6f8854a9be40fdbfbe1994fb3cf9199ed096e1,"NPS_FIRST_WEEK",10,10,2016-03-29 09:48:37.597
"99SZyjVxEeW6RApRXdjJPw",ef6f8854a9be40fdbfbe1994fb3cf9199ed096e1,"STAR",5,5,2016-04-20 08:58:21.878
"99SZyjVxEeW6RApRXdjJPw",49f60c710d1f0e4ac77c81a6fea00fac6934ab02,"NPS_END_OF_COURSE",10,10,2016-05-04 07:55:41.949
"99SZyjVxEeW6RApRXdjJPw",c697456a31c4e96b23c643f70525029755941e7e,"NPS_END_OF_COURSE",10,10,2016-04-27 15:37:54.309
"99SZyjVxEeW6RApRXdjJPw",a2c6b4e978f04fde189489b5ad776310c82e3a40,"NPS_FIRST_WEEK",3,10,2016-03-29 08:26:21.339
"99SZyjVxEeW6RApRXdjJPw",a2c6b4e978f04fde189489b5ad776310c82e3a40,"STAR",4,5,2016-05-02 09:32:06.017
"99SZyjVxEeW6RApRXdjJPw",7e4ae8bb3b7f9971913032793f77d0f00c2b2c24,"NPS_FIRST_WEEK",10,10,2016-04-03 21:14:56.958
"99SZyjVxEeW6RApRXdjJPw",47126ac7e2a736b8a615fa9f059712e44d83a76a,"NPS_END_OF_COURSE",8,10,2016-04-29 13:27:01.354
"99SZyjVxEeW6RApRXdjJPw",d4ac7e61469fc82750861aa3176a4fc3a35d1533,"NPS_END_OF_COURSE",10,10,2016-06-20 09:18:18.624
"99SZyjVxEeW6RApRXdjJPw",d4ac7e61469fc82750861aa3176a4fc3a35d1533,"NPS_FIRST_WEEK",9,10,2016-05-29 22:15:27.967
"99SZyjVxEeW6RApRXdjJPw",d4ac7e61469fc82750861aa3176a4fc3a35d1533,"STAR",5,5,2016-05-23 15:18:33.528
"99SZyjVxEeW6RApRXdjJPw",4a43f90eccfa4c56418f3f9a804aa4ded0cc2298,"STAR",5,5,2016-05-02 04:51:25.835
"99SZyjVxEeW6RApRXdjJPw",7047d55ee14e1b16434e6ac5f0257cf7de358986,"NPS_FIRST_WEEK",10,10,2016-03-30 11:23:02.724
"99SZyjVxEeW6RApRXdjJPw",3bf5484f58dc0f45932d2767ba22b8c0f94f9cad,"NPS_END_OF_COURSE",10,10,2016-05-03 00:11:56.665
"99SZyjVxEeW6RApRXdjJPw",3bf5484f58dc0f45932d2767ba22b8c0f94f9cad,"NPS_FIRST_WEEK",10,10,2016-04-02 13:58:31.491
"99SZyjVxEeW6RApRXdjJPw",6533ebfb88ba2c74a3f3e9d515685fb3ae196cbe,"NPS_END_OF_COURSE",10,10,2016-04-19 17:16:38.127
"99SZyjVxEeW6RApRXdjJPw",d1a9292dd2da21af1ca308339053a95b2db225c8,"NPS_END_OF_COURSE",10,10,2016-05-18 09:00:21.181
"99SZyjVxEeW6RApRXdjJPw",3d409ffd251b140031f65ff769613afea24cd940,"NPS_FIRST_WEEK",8,10,2016-03-28 20:17:43.008
"99SZyjVxEeW6RApRXdjJPw",85d5df9077b7619f072e6bd8d42aff9170dfe0b7,"NPS_END_OF_COURSE",10,10,2016-04-28 05:58:44.213
"99SZyjVxEeW6RApRXdjJPw",85d5df9077b7619f072e6bd8d42aff9170dfe0b7,"NPS_FIRST_WEEK",10,10,2016-03-27 17:48:03.787
"99SZyjVxEeW6RApRXdjJPw",7bebe19f6e114bd97aec86006f5657a396399028,"NPS_END_OF_COURSE",10,10,2016-04-28 18:04:07.231
"99SZyjVxEeW6RApRXdjJPw",7bebe19f6e114bd97aec86006f5657a396399028,"NPS_FIRST_WEEK",10,10,2016-03-27 14:09:12.739
"99SZyjVxEeW6RApRXdjJPw",cedd3c20fbe30b5003849cd4c18cfee4346261bb,"NPS_END_OF_COURSE",10,10,2016-04-29 18:56:51.187
"99SZyjVxEeW6RApRXdjJPw",cedd3c20fbe30b5003849cd4c18cfee4346261bb,"NPS_FIRST_WEEK",10,10,2016-03-29 17:34:49.022
"99SZyjVxEeW6RApRXdjJPw",2923a4bbdc5a18ccb55a6c8b3b55cdaa9e542650,"NPS_FIRST_WEEK",10,10,2016-03-28 07:24:13.012
"99SZyjVxEeW6RApRXdjJPw",54fcf6216309a8c39d85a042260bffe30575c094,"NPS_END_OF_COURSE",10,10,2016-06-21 17:51:30.772
"99SZyjVxEeW6RApRXdjJPw",54fcf6216309a8c39d85a042260bffe30575c094,"NPS_FIRST_WEEK",10,10,2016-05-26 09:32:58.208
"99SZyjVxEeW6RApRXdjJPw",54fcf6216309a8c39d85a042260bffe30575c094,"STAR",5,5,2016-05-20 06:53:03.52
"99SZyjVxEeW6RApRXdjJPw",cb3701b237cbc86f2b71e11f48bb4b701673f197,"NPS_FIRST_WEEK",8,10,2016-04-03 18:52:54.401
"99SZyjVxEeW6RApRXdjJPw",a81c61ac048f005682d26d58d784407bc01da341,"NPS_FIRST_WEEK",10,10,2016-05-23 11:57:27.959
"99SZyjVxEeW6RApRXdjJPw",a81c61ac048f005682d26d58d784407bc01da341,"STAR",4,5,2016-06-10 11:35:36.89
"99SZyjVxEeW6RApRXdjJPw",ca960358301fb5ccc9365d94919042822c84fb0e,"NPS_END_OF_COURSE",10,10,2016-06-06 16:46:55.985
"99SZyjVxEeW6RApRXdjJPw",82ae86199c245791fc1ee12b853669e8f848af87,"NPS_END_OF_COURSE",9,10,2016-04-29 02:28:09.964
"99SZyjVxEeW6RApRXdjJPw",82ae86199c245791fc1ee12b853669e8f848af87,"NPS_FIRST_WEEK",10,10,2016-03-30 16:15:42.783
"99SZyjVxEeW6RApRXdjJPw",7fb1347f62eb10ea6dee6ad9ea11a644649d5186,"NPS_END_OF_COURSE",9,10,2016-04-28 10:55:40.623
"99SZyjVxEeW6RApRXdjJPw",7fb1347f62eb10ea6dee6ad9ea11a644649d5186,"NPS_FIRST_WEEK",9,10,2016-03-29 08:14:59.151
"99SZyjVxEeW6RApRXdjJPw",f7c1dd3e023a406c5e315e06e02413e0acfb8580,"NPS_FIRST_WEEK",10,10,2016-03-31 23:00:24.985
"99SZyjVxEeW6RApRXdjJPw",d68b3587df9e7f196e1f0e0bb9ed06f9fbfe7f2c,"NPS_FIRST_WEEK",10,10,2016-05-31 20:13:17.169
"99SZyjVxEeW6RApRXdjJPw",eb96c9a8770e2a3a5d527de4f62c00e1836d52fc,"STAR",4,5,2016-06-25 14:18:09.134
"99SZyjVxEeW6RApRXdjJPw",b8322b7024208b5bb50f341b7509ff02476bf9c7,"NPS_FIRST_WEEK",8,10,2016-04-04 02:46:58.786
"99SZyjVxEeW6RApRXdjJPw",e1568499e6accdde2216bcf17c72390ffa3f990b,"NPS_END_OF_COURSE",10,10,2016-06-15 19:12:38.504
"99SZyjVxEeW6RApRXdjJPw",52be1a14116d70e7fc19520ab51c906eecea7a18,"NPS_FIRST_WEEK",7,10,2016-04-03 18:08:41.655
"99SZyjVxEeW6RApRXdjJPw",50021b4fd65e6816740516c91ce69e5a3ab5dc01,"NPS_FIRST_WEEK",7,10,2016-05-27 17:16:30.367
"99SZyjVxEeW6RApRXdjJPw",932bd67614e1cf33fca36c9baafa2c11c4229bc6,"NPS_END_OF_COURSE",10,10,2016-05-01 23:41:36.183
"99SZyjVxEeW6RApRXdjJPw",932bd67614e1cf33fca36c9baafa2c11c4229bc6,"STAR",5,5,2016-05-01 23:47:02.448
"99SZyjVxEeW6RApRXdjJPw",f94ad9ccc3d39bf92d4dcd7e77db2fd9ee03509a,"NPS_END_OF_COURSE",10,10,2016-04-13 09:52:57.397
"99SZyjVxEeW6RApRXdjJPw",f94ad9ccc3d39bf92d4dcd7e77db2fd9ee03509a,"NPS_FIRST_WEEK",9,10,2016-03-28 08:28:13.748
"99SZyjVxEeW6RApRXdjJPw",f94ad9ccc3d39bf92d4dcd7e77db2fd9ee03509a,"STAR",5,5,2016-04-13 11:36:03.074
"99SZyjVxEeW6RApRXdjJPw",22550fb6f0e1634eb910769e43d8b00bdcf3b878,"NPS_END_OF_COURSE",10,10,2016-04-16 23:35:06.106
"99SZyjVxEeW6RApRXdjJPw",22550fb6f0e1634eb910769e43d8b00bdcf3b878,"NPS_FIRST_WEEK",10,10,2016-03-24 12:28:32.191
"99SZyjVxEeW6RApRXdjJPw",44ea5baf8f18a38d32da7ddcb0548cf65154fcc3,"NPS_END_OF_COURSE",9,10,2016-05-01 01:21:24.926
"99SZyjVxEeW6RApRXdjJPw",44ea5baf8f18a38d32da7ddcb0548cf65154fcc3,"NPS_FIRST_WEEK",10,10,2016-03-28 23:20:59.001
"99SZyjVxEeW6RApRXdjJPw",877ea1af2f5086bf4a58c8e643c83c4bdc958ebf,"NPS_END_OF_COURSE",10,10,2016-04-18 14:43:44.079
"99SZyjVxEeW6RApRXdjJPw",f871627a4d59f9536384b596aef441a85632d675,"NPS_FIRST_WEEK",6,10,2016-05-29 12:33:13.138
"99SZyjVxEeW6RApRXdjJPw",b714f5b91c87b47595f9605db88d4f7d8617ba06,"STAR",5,5,2016-05-01 07:46:12.23
"99SZyjVxEeW6RApRXdjJPw",96e0ca3767011aad400522b2e3baf70eac76318a,"STAR",5,5,2016-04-20 14:04:30.766
"99SZyjVxEeW6RApRXdjJPw",6fa44ac0f49f7a0b7161b6d4f516fa99e489a560,"NPS_END_OF_COURSE",10,10,2016-04-19 10:22:40.739
"99SZyjVxEeW6RApRXdjJPw",26098a4c2697ea9564da6afa10cdb9824788e7a4,"NPS_FIRST_WEEK",9,10,2016-03-30 13:57:24.523
"99SZyjVxEeW6RApRXdjJPw",73ef4fbf5a73e9d5dd3821e8432d7fdd2aa552a7,"NPS_FIRST_WEEK",10,10,2016-03-31 19:25:56.249
"99SZyjVxEeW6RApRXdjJPw",305d7609776f0870313335c6bf03ed52330c43da,"NPS_FIRST_WEEK",10,10,2016-04-03 01:20:55.30
"99SZyjVxEeW6RApRXdjJPw",fa3579fee4eaa4521634c07fd84ef980be9f1e2c,"NPS_END_OF_COURSE",10,10,2016-06-30 04:37:11.535
"99SZyjVxEeW6RApRXdjJPw",fa3579fee4eaa4521634c07fd84ef980be9f1e2c,"NPS_FIRST_WEEK",10,10,2016-06-01 05:04:30.259
"99SZyjVxEeW6RApRXdjJPw",fa3579fee4eaa4521634c07fd84ef980be9f1e2c,"STAR",5,5,2016-06-29 20:53:10.546
"99SZyjVxEeW6RApRXdjJPw",aec9a5da18f7d823fe62dbe519a24ee01a34cce0,"NPS_FIRST_WEEK",10,10,2016-05-18 12:20:25.232
"99SZyjVxEeW6RApRXdjJPw",135584a278f21543ab63eaa86f2ff97f313d146c,"NPS_END_OF_COURSE",10,10,2016-06-27 21:12:47.148
"99SZyjVxEeW6RApRXdjJPw",135584a278f21543ab63eaa86f2ff97f313d146c,"NPS_FIRST_WEEK",10,10,2016-05-28 14:32:48.781
"99SZyjVxEeW6RApRXdjJPw",d629376f2c3a88e2fd7ee4defd6d570a6621f1b7,"NPS_FIRST_WEEK",10,10,2016-04-04 17:13:51.017
"99SZyjVxEeW6RApRXdjJPw",2d4ec59708289cbba568d3758a7fb8dc7f440826,"NPS_FIRST_WEEK",4,10,2016-04-02 14:40:23.913
"99SZyjVxEeW6RApRXdjJPw",2f65c25b90963899692e8440729e0ec4b42d2560,"NPS_END_OF_COURSE",8,10,2016-07-02 18:52:05.218
"99SZyjVxEeW6RApRXdjJPw",6d9a45577bb7329319b1e365d627efc59a0f9086,"NPS_FIRST_WEEK",10,10,2016-05-22 23:46:32.489
"99SZyjVxEeW6RApRXdjJPw",9a6b575019f62bcae7df47aa89c3c6955fd78618,"NPS_END_OF_COURSE",7,10,2016-04-26 18:22:44.803
"99SZyjVxEeW6RApRXdjJPw",9a6b575019f62bcae7df47aa89c3c6955fd78618,"NPS_FIRST_WEEK",7,10,2016-04-04 20:05:06.465
"99SZyjVxEeW6RApRXdjJPw",f7401978167b4358f0c209d4233e4e325679c6de,"NPS_END_OF_COURSE",10,10,2016-06-27 02:25:30.364
"99SZyjVxEeW6RApRXdjJPw",f7401978167b4358f0c209d4233e4e325679c6de,"NPS_FIRST_WEEK",9,10,2016-05-26 00:58:57.886
"99SZyjVxEeW6RApRXdjJPw",ba4a69dc1d2c0f423f9ac53f817d54e2eb707fe3,"NPS_END_OF_COURSE",10,10,2016-04-07 17:37:04.948
"99SZyjVxEeW6RApRXdjJPw",ba4a69dc1d2c0f423f9ac53f817d54e2eb707fe3,"NPS_FIRST_WEEK",10,10,2016-03-21 23:40:16.955
"99SZyjVxEeW6RApRXdjJPw",6343d097cce9f3362acd509bbad953614959f49c,"NPS_FIRST_WEEK",7,10,2016-03-27 02:54:56.453
"99SZyjVxEeW6RApRXdjJPw",825d988915964d0871d246e88a8719eb484935e9,"NPS_END_OF_COURSE",10,10,2016-06-22 23:41:02.235
"99SZyjVxEeW6RApRXdjJPw",825d988915964d0871d246e88a8719eb484935e9,"NPS_FIRST_WEEK",10,10,2016-05-24 22:26:53.701
"99SZyjVxEeW6RApRXdjJPw",0f7427f438870c65ad5f33c0ddbc913abf0f0264,"NPS_FIRST_WEEK",10,10,2016-05-22 22:31:10.29
"99SZyjVxEeW6RApRXdjJPw",0f7427f438870c65ad5f33c0ddbc913abf0f0264,"STAR",5,5,2016-05-21 22:54:39.223
"99SZyjVxEeW6RApRXdjJPw",cb8ae76054c5073ee01f533e59bb3a46b47fc03c,"NPS_FIRST_WEEK",10,10,2016-04-01 09:45:00.153
"99SZyjVxEeW6RApRXdjJPw",4a0d9c25d3d8e3fe0b319aa0e1840255bb06ceb4,"NPS_END_OF_COURSE",10,10,2016-05-24 21:59:14.769
"99SZyjVxEeW6RApRXdjJPw",4a0d9c25d3d8e3fe0b319aa0e1840255bb06ceb4,"NPS_FIRST_WEEK",10,10,2016-04-04 00:12:56.435
"99SZyjVxEeW6RApRXdjJPw",4a0d9c25d3d8e3fe0b319aa0e1840255bb06ceb4,"STAR",5,5,2016-03-21 17:46:50.932
"99SZyjVxEeW6RApRXdjJPw",55683f0edcc9966a73a514a752a965774da5adb9,"NPS_FIRST_WEEK",9,10,2016-03-28 10:41:42.269
"99SZyjVxEeW6RApRXdjJPw",9a8b3c9e584cee1c441e56c5052631e88f3856cf,"NPS_FIRST_WEEK",6,10,2016-04-02 18:50:35.343
"99SZyjVxEeW6RApRXdjJPw",bbda2a2453fa15f519af3f775ebefb5e8b41c8f9,"NPS_END_OF_COURSE",10,10,2016-05-02 22:39:25.037
"99SZyjVxEeW6RApRXdjJPw",bbda2a2453fa15f519af3f775ebefb5e8b41c8f9,"NPS_FIRST_WEEK",10,10,2016-04-01 20:15:06.742
"99SZyjVxEeW6RApRXdjJPw",7f870733c976750127465f5c06de256cc05e426c,"NPS_FIRST_WEEK",10,10,2016-05-24 17:58:07.603
"99SZyjVxEeW6RApRXdjJPw",cc1408642ddc68fb1b2e68a0173b1dbfe67aa7e8,"NPS_FIRST_WEEK",10,10,2016-03-31 19:46:13.713
"99SZyjVxEeW6RApRXdjJPw",40dbc3651eac8d74c7153eae05215e792363302e,"NPS_FIRST_WEEK",10,10,2016-03-27 12:02:50.508
"99SZyjVxEeW6RApRXdjJPw",40dbc3651eac8d74c7153eae05215e792363302e,"STAR",5,5,2016-03-22 08:46:13.111
"99SZyjVxEeW6RApRXdjJPw",4b854b5d0407f99f1cfa9e582967e983bb7cbaec,"NPS_END_OF_COURSE",10,10,2016-04-27 08:49:02.103
"99SZyjVxEeW6RApRXdjJPw",52e54c8e81dc9851629e55d4aec13fd59b198bf8,"NPS_END_OF_COURSE",8,10,2016-05-02 11:08:46.113
"99SZyjVxEeW6RApRXdjJPw",52e54c8e81dc9851629e55d4aec13fd59b198bf8,"NPS_FIRST_WEEK",8,10,2016-03-28 09:06:23.892
"99SZyjVxEeW6RApRXdjJPw",27302f2b0dfe226e3f10c6397bf9e8e2c4a59544,"NPS_FIRST_WEEK",9,10,2016-04-01 21:55:22.846
"99SZyjVxEeW6RApRXdjJPw",0941948d65a31ccf83c18f3469a1b7ea72129f4a,"STAR",5,5,2016-05-06 06:45:59.934
"99SZyjVxEeW6RApRXdjJPw",96a5c898f884b2a4f21f893f71a508b6cf2f3da4,"STAR",5,5,2016-03-28 23:42:09.136
"99SZyjVxEeW6RApRXdjJPw",e61c4328d8eab0e660e2d8684335de48a7c5670d,"NPS_END_OF_COURSE",7,10,2016-06-18 07:51:28.13
"99SZyjVxEeW6RApRXdjJPw",28cfa5f33a12df590a98fc5bfb77406652a148b5,"STAR",5,5,2016-04-18 21:18:33.658
"99SZyjVxEeW6RApRXdjJPw",eefbbd7f72bc4a57f4b2f46badf273e0db1213fe,"NPS_FIRST_WEEK",8,10,2016-03-30 09:01:24.075
"99SZyjVxEeW6RApRXdjJPw",039d79f057e466a5178631214c887ad85e3ffa33,"NPS_END_OF_COURSE",8,10,2016-06-22 01:00:23.90
"99SZyjVxEeW6RApRXdjJPw",7b1fcf52d76e321dc56c82a37d67cc8d09a661da,"NPS_END_OF_COURSE",9,10,2016-05-02 14:36:54.698
"99SZyjVxEeW6RApRXdjJPw",e8e92a8215b08d9bd707790d3152d5e1985f3dde,"NPS_FIRST_WEEK",10,10,2016-03-30 19:55:40.276
"99SZyjVxEeW6RApRXdjJPw",88251cfa38bf6f7c377d6e547efd329109f48743,"NPS_FIRST_WEEK",10,10,2016-04-04 18:21:19.204
"99SZyjVxEeW6RApRXdjJPw",4ad8b3ab98f4f7d07cac178b7513fcb9c180d932,"NPS_FIRST_WEEK",9,10,2016-04-02 21:36:16.683
"99SZyjVxEeW6RApRXdjJPw",45ecb442038d5f7cfe8dee7a99d89a49a80a8c2d,"NPS_END_OF_COURSE",7,10,2016-04-27 10:21:58.33
"99SZyjVxEeW6RApRXdjJPw",45ecb442038d5f7cfe8dee7a99d89a49a80a8c2d,"STAR",5,5,2016-04-27 10:21:35.13
"99SZyjVxEeW6RApRXdjJPw",a22847fbffca43fec383ddc9bd5372bd1085df16,"NPS_FIRST_WEEK",9,10,2016-05-20 07:07:16.721
"99SZyjVxEeW6RApRXdjJPw",b9dcca5a033b17a016881181802d898ec2ea5e7c,"NPS_END_OF_COURSE",10,10,2016-06-27 12:56:56.029
"99SZyjVxEeW6RApRXdjJPw",b9dcca5a033b17a016881181802d898ec2ea5e7c,"NPS_FIRST_WEEK",10,10,2016-05-25 14:06:54.879
"99SZyjVxEeW6RApRXdjJPw",38a349cdace59541d2f924563173d29ad09b4716,"NPS_END_OF_COURSE",10,10,2016-04-26 15:35:41.696
"99SZyjVxEeW6RApRXdjJPw",38a349cdace59541d2f924563173d29ad09b4716,"NPS_FIRST_WEEK",10,10,2016-03-28 08:12:23.391
"99SZyjVxEeW6RApRXdjJPw",87e8bfb2fefc649943a615395fd8e8522ae171d1,"NPS_FIRST_WEEK",10,10,2016-05-28 18:11:26.157
"99SZyjVxEeW6RApRXdjJPw",3204bb5c19ff06266e985d5614f1046b53f8d3e4,"NPS_END_OF_COURSE",6,10,2016-04-12 15:05:33.615
"99SZyjVxEeW6RApRXdjJPw",f034d844fbeec2fc2ba54f67232cea57daad75e4,"NPS_END_OF_COURSE",10,10,2016-04-04 17:28:31.821
"99SZyjVxEeW6RApRXdjJPw",19a0a3a046cb3643e72582a2fec64466508d89fe,"NPS_END_OF_COURSE",6,10,2016-04-27 12:26:28.701
"99SZyjVxEeW6RApRXdjJPw",19a0a3a046cb3643e72582a2fec64466508d89fe,"NPS_FIRST_WEEK",5,10,2016-03-30 12:23:16.268
"99SZyjVxEeW6RApRXdjJPw",f9aeabfcfa9c3e791ce12a8da2462c459d696e6d,"NPS_FIRST_WEEK",9,10,2016-04-03 21:18:05.197
"99SZyjVxEeW6RApRXdjJPw",ba7650b2c39f73279102c6097996deae1c907ecb,"NPS_END_OF_COURSE",8,10,2016-05-02 06:11:40.045
"99SZyjVxEeW6RApRXdjJPw",b4ee3b48a6b513915653ec5c1390e0b36e5ae176,"NPS_END_OF_COURSE",10,10,2016-07-05 19:00:47.057
"99SZyjVxEeW6RApRXdjJPw",b4ee3b48a6b513915653ec5c1390e0b36e5ae176,"NPS_FIRST_WEEK",10,10,2016-05-28 18:18:57.34
"99SZyjVxEeW6RApRXdjJPw",ea226e5a9063fbb63a24f99eabb4a5db92bd1863,"NPS_END_OF_COURSE",8,10,2016-04-29 13:25:11.281
"99SZyjVxEeW6RApRXdjJPw",758d4ae49c37d245bb9a2baa5db33838c468800d,"NPS_FIRST_WEEK",10,10,2016-03-30 19:54:32.147
"99SZyjVxEeW6RApRXdjJPw",b590a6b1a1b27d504363c13b64d5bf88257179e3,"NPS_END_OF_COURSE",10,10,2016-04-24 12:18:28.827
"99SZyjVxEeW6RApRXdjJPw",840091d53812a2b5a3e17ca5b7d68e14ea27d7dc,"NPS_END_OF_COURSE",9,10,2016-04-27 16:53:00.004
"99SZyjVxEeW6RApRXdjJPw",840091d53812a2b5a3e17ca5b7d68e14ea27d7dc,"STAR",5,5,2016-05-02 19:31:19.329
"99SZyjVxEeW6RApRXdjJPw",b588df890f811dd52a3e5211f6d041a3ac6a75ae,"NPS_FIRST_WEEK",10,10,2016-03-29 12:19:56.23
"99SZyjVxEeW6RApRXdjJPw",ec7b8154080666ec59f6bc0071c899f24ebfd3d2,"STAR",5,5,2016-05-30 03:16:52.885
"99SZyjVxEeW6RApRXdjJPw",a8a9c17a6c5fb4245ae46ec6f04bec7e5f4c4df4,"NPS_FIRST_WEEK",10,10,2016-04-04 08:58:51.379
"99SZyjVxEeW6RApRXdjJPw",72b6e2216a83de1d4728763819650652c79f3d2e,"STAR",5,5,2016-05-31 08:03:38.009
"99SZyjVxEeW6RApRXdjJPw",1e0b22dcf5c05c21e8947481308ec57eff220019,"NPS_END_OF_COURSE",10,10,2016-04-30 20:24:43.194
"99SZyjVxEeW6RApRXdjJPw",1e0b22dcf5c05c21e8947481308ec57eff220019,"NPS_FIRST_WEEK",10,10,2016-04-11 18:01:25.798
"99SZyjVxEeW6RApRXdjJPw",da20fa929bb80328587e510ef00e17cf49a9f7f1,"NPS_FIRST_WEEK",9,10,2016-03-29 05:37:33.523
"99SZyjVxEeW6RApRXdjJPw",aaec59e3ca7f26fb0ad8edbb66b3957cbb3bd3d6,"NPS_END_OF_COURSE",10,10,2016-04-30 07:06:33.563
"99SZyjVxEeW6RApRXdjJPw",6349ffafd8d2759a3b07c14a2b7a37c74bffaafe,"NPS_END_OF_COURSE",10,10,2016-05-02 14:51:29.156
"99SZyjVxEeW6RApRXdjJPw",6349ffafd8d2759a3b07c14a2b7a37c74bffaafe,"NPS_FIRST_WEEK",10,10,2016-04-03 20:57:11.979
"99SZyjVxEeW6RApRXdjJPw",e9bc69fa470448f963b034832f2bfb2714e68595,"NPS_END_OF_COURSE",10,10,2016-06-27 09:16:47.537
"99SZyjVxEeW6RApRXdjJPw",e9bc69fa470448f963b034832f2bfb2714e68595,"STAR",5,5,2016-06-27 09:16:32.441
"99SZyjVxEeW6RApRXdjJPw",03007697aba463c7f650e0455b54fb7207cc0f76,"NPS_FIRST_WEEK",10,10,2016-05-20 18:47:30.193
"99SZyjVxEeW6RApRXdjJPw",eadb518afde9fd3198031129a19e2f4a16483f10,"NPS_END_OF_COURSE",8,10,2016-05-04 06:59:04.24
"99SZyjVxEeW6RApRXdjJPw",eadb518afde9fd3198031129a19e2f4a16483f10,"NPS_FIRST_WEEK",8,10,2016-04-01 18:22:12.35
"99SZyjVxEeW6RApRXdjJPw",a83fa41ca40aa783fb2eb2aa3af1280d336d0934,"NPS_FIRST_WEEK",9,10,2016-05-29 13:32:15.921
"99SZyjVxEeW6RApRXdjJPw",a9c11e189bb7cda25494a89efff643c1ae8bfa04,"NPS_END_OF_COURSE",10,10,2016-04-21 07:13:33.237
"99SZyjVxEeW6RApRXdjJPw",a9c11e189bb7cda25494a89efff643c1ae8bfa04,"NPS_FIRST_WEEK",9,10,2016-04-01 06:01:54.618
"99SZyjVxEeW6RApRXdjJPw",a9c11e189bb7cda25494a89efff643c1ae8bfa04,"STAR",5,5,2016-04-21 07:18:31.136
"99SZyjVxEeW6RApRXdjJPw",dbdb0480efcc65511249fb56a300909469ba222f,"NPS_FIRST_WEEK",9,10,2016-04-02 11:58:15.454
"99SZyjVxEeW6RApRXdjJPw",2d81bc9d66f3a12b3ab51a6b9cbafb9b47ed47ef,"NPS_FIRST_WEEK",7,10,2016-03-30 00:43:14.267
"99SZyjVxEeW6RApRXdjJPw",edc78344a4fb9cb3e97efccadbf397c3775d1bca,"NPS_END_OF_COURSE",8,10,2016-04-28 22:41:08.932
"99SZyjVxEeW6RApRXdjJPw",edc78344a4fb9cb3e97efccadbf397c3775d1bca,"NPS_FIRST_WEEK",8,10,2016-03-28 22:14:43.757
"99SZyjVxEeW6RApRXdjJPw",97606576e086df0acdfbb320a135ee4ae44d335e,"NPS_END_OF_COURSE",9,10,2016-05-01 20:55:50.313
"99SZyjVxEeW6RApRXdjJPw",97606576e086df0acdfbb320a135ee4ae44d335e,"STAR",4,5,2016-06-18 13:54:36.803
"99SZyjVxEeW6RApRXdjJPw",776db21e37f1d05f041f96dbf358e918be160d7d,"NPS_END_OF_COURSE",10,10,2016-05-04 10:46:39.232
"99SZyjVxEeW6RApRXdjJPw",5606ac915fec22e4ec7c894632002b8e0faf44fb,"NPS_END_OF_COURSE",8,10,2016-05-04 07:06:35.487
"99SZyjVxEeW6RApRXdjJPw",c3dd4b75021a6b62a1c91adb80edd837042b8f16,"STAR",5,5,2016-04-11 00:19:10.224
"99SZyjVxEeW6RApRXdjJPw",98644c4d14f900e02ece716f98522876cc2ad550,"NPS_FIRST_WEEK",10,10,2016-03-30 03:54:22.326
"99SZyjVxEeW6RApRXdjJPw",6c0126028bbd2b944687a88fa9da5cd604315fa1,"NPS_FIRST_WEEK",9,10,2016-06-10 14:01:07.267
"99SZyjVxEeW6RApRXdjJPw",2d58f4c09705724ac751e787fc13fe6c2e8fd3be,"NPS_END_OF_COURSE",9,10,2016-04-23 11:43:53.204
"99SZyjVxEeW6RApRXdjJPw",646563d02ef700a6fde08cd87a7d2cdcd7a22b27,"STAR",5,5,2016-06-05 07:54:29.723
"99SZyjVxEeW6RApRXdjJPw",1c4b301e88360862acebbb508eda8543831a2a5f,"NPS_END_OF_COURSE",9,10,2016-04-26 15:29:00.875
"99SZyjVxEeW6RApRXdjJPw",1c4b301e88360862acebbb508eda8543831a2a5f,"NPS_FIRST_WEEK",10,10,2016-04-11 21:23:08.633
"99SZyjVxEeW6RApRXdjJPw",e1508c47997fdad846ea510d6c9e995240c5b255,"NPS_END_OF_COURSE",9,10,2016-05-02 08:19:38.924
"99SZyjVxEeW6RApRXdjJPw",e1508c47997fdad846ea510d6c9e995240c5b255,"NPS_FIRST_WEEK",8,10,2016-03-31 22:27:42.165
"99SZyjVxEeW6RApRXdjJPw",d99c3f94f19b0f9d75bc3ac9d58a7db18f3397e9,"NPS_END_OF_COURSE",10,10,2016-04-05 00:32:47.553
"99SZyjVxEeW6RApRXdjJPw",d99c3f94f19b0f9d75bc3ac9d58a7db18f3397e9,"NPS_FIRST_WEEK",10,10,2016-03-27 23:55:46.603
"99SZyjVxEeW6RApRXdjJPw",a8d2b6f94e01f2fc3b7afa2f5d3fedece58165e6,"NPS_FIRST_WEEK",10,10,2016-03-25 01:44:29.83
"99SZyjVxEeW6RApRXdjJPw",4b3841facdfab037a14df5522cd499ab7c7f5abd,"NPS_END_OF_COURSE",10,10,2016-04-24 11:45:13.624
"99SZyjVxEeW6RApRXdjJPw",4b3841facdfab037a14df5522cd499ab7c7f5abd,"NPS_FIRST_WEEK",10,10,2016-03-31 19:40:27.366
"99SZyjVxEeW6RApRXdjJPw",32f0701fb975925ae1d63ab0bc10795210aa5e41,"NPS_END_OF_COURSE",8,10,2016-06-13 23:17:54.486
"99SZyjVxEeW6RApRXdjJPw",32f0701fb975925ae1d63ab0bc10795210aa5e41,"NPS_FIRST_WEEK",9,10,2016-05-18 04:36:15.261
"99SZyjVxEeW6RApRXdjJPw",32f0701fb975925ae1d63ab0bc10795210aa5e41,"STAR",3,5,2016-06-12 15:54:35.607
"99SZyjVxEeW6RApRXdjJPw",fbc111caddf1706622794b95ebf290401cf4aff1,"NPS_FIRST_WEEK",9,10,2016-04-02 08:05:50.128
"99SZyjVxEeW6RApRXdjJPw",bc80e4f2c2b121c220f4cf84b3e855d9f18d6c8f,"NPS_FIRST_WEEK",4,10,2016-05-29 17:42:59.853
"99SZyjVxEeW6RApRXdjJPw",f282abb178a8d3fba8f5cfced66c842769c62bac,"STAR",4,5,2016-05-02 14:22:09.533
"99SZyjVxEeW6RApRXdjJPw",459fab50c89a20b04a426b6bef015c38991e4f83,"NPS_END_OF_COURSE",10,10,2016-04-28 15:02:43.339
"99SZyjVxEeW6RApRXdjJPw",459fab50c89a20b04a426b6bef015c38991e4f83,"STAR",5,5,2016-06-29 03:34:44.884
"99SZyjVxEeW6RApRXdjJPw",50b1834876f8176f4ef8cc74ebc3694dd44a7a6f,"NPS_END_OF_COURSE",10,10,2016-06-22 20:48:47.312
"99SZyjVxEeW6RApRXdjJPw",50b1834876f8176f4ef8cc74ebc3694dd44a7a6f,"NPS_FIRST_WEEK",10,10,2016-05-24 13:15:20.67
"99SZyjVxEeW6RApRXdjJPw",be24adfc8f50f90e700ed05fdea9661689b6f154,"STAR",5,5,2016-04-14 08:06:00.827
"99SZyjVxEeW6RApRXdjJPw",a95dfeab46e84ac9ba423cf85bf3e0118233ed59,"NPS_FIRST_WEEK",10,10,2016-06-08 03:04:53.976
"99SZyjVxEeW6RApRXdjJPw",fd4eda6c1686799e513caa1f66d50a3cd61310ed,"NPS_END_OF_COURSE",9,10,2016-06-26 16:44:04.321
"99SZyjVxEeW6RApRXdjJPw",fd4eda6c1686799e513caa1f66d50a3cd61310ed,"NPS_FIRST_WEEK",10,10,2016-05-20 17:52:08.205
"99SZyjVxEeW6RApRXdjJPw",510e78710af4f24bbabdf181547fc2f720d0fc7f,"NPS_END_OF_COURSE",10,10,2016-06-28 08:28:03.768
"99SZyjVxEeW6RApRXdjJPw",0c553001088b05b2838d1951a3af6221496b177e,"NPS_END_OF_COURSE",8,10,2016-06-09 01:06:43.972
"99SZyjVxEeW6RApRXdjJPw",ac5b5e6c78b3c285da54ec5f3412341a2e8f4132,"NPS_END_OF_COURSE",10,10,2016-04-04 01:25:27.588
"99SZyjVxEeW6RApRXdjJPw",ac5b5e6c78b3c285da54ec5f3412341a2e8f4132,"STAR",5,5,2016-03-29 00:33:02.661
"99SZyjVxEeW6RApRXdjJPw",9aae3efdc47ddc70ee45d39f02db1540f27762dc,"NPS_END_OF_COURSE",10,10,2016-06-28 12:51:23.823
"99SZyjVxEeW6RApRXdjJPw",2b1702f0668cb74010bd000dfe9dc68ff3fb2b4f,"NPS_FIRST_WEEK",9,10,2016-05-17 14:41:19.764
"99SZyjVxEeW6RApRXdjJPw",cfd5f83513d54c8f01f924c408efa40c04e0006e,"NPS_END_OF_COURSE",9,10,2016-04-23 14:30:25.512
"99SZyjVxEeW6RApRXdjJPw",cfd5f83513d54c8f01f924c408efa40c04e0006e,"NPS_FIRST_WEEK",9,10,2016-03-28 13:22:09.407
"99SZyjVxEeW6RApRXdjJPw",0f893a3b7d92fdb9902192c20b851a499a7f8a33,"NPS_END_OF_COURSE",9,10,2016-06-30 19:13:26.308
"99SZyjVxEeW6RApRXdjJPw",0f893a3b7d92fdb9902192c20b851a499a7f8a33,"NPS_FIRST_WEEK",9,10,2016-05-29 05:52:55.266
"99SZyjVxEeW6RApRXdjJPw",845b21bbfd7dd2b62c65489a4d1bc94ee673666c,"NPS_FIRST_WEEK",10,10,2016-05-20 01:41:43.199
"99SZyjVxEeW6RApRXdjJPw",11eac179906835f3ade77c48a69d081ade496785,"NPS_END_OF_COURSE",10,10,2016-06-24 04:33:59.675
"99SZyjVxEeW6RApRXdjJPw",11eac179906835f3ade77c48a69d081ade496785,"NPS_FIRST_WEEK",10,10,2016-05-20 04:30:10.353
