course_id,course_item_id,feedback_unit_id,feedback_unit_type,feedback_system,ualberta_feedback_user_id,feedback_rating,feedback_max_rating,detailed_context,feedback_ts
"99SZyjVxEeW6RApRXdjJPw","0ftwF","oG00YD1TEeaXmApggOUX6w@2","supplement","LIKE_OR_DISLIKE",f7401978167b4358f0c209d4233e4e325679c6de,1,1,"supplementContext~99SZyjVxEeW6RApRXdjJPw!~0ftwF!~oG00YD1TEeaXmApggOUX6w@2",2016-06-30 02:24:04.948
"99SZyjVxEeW6RApRXdjJPw","11NAh","RZcXIen_EeWGQw4DhrM_Tw","lecture","LIKE_OR_DISLIKE",a6ffd5da0cba5fbe458c48c82554e12874014ad3,1,1,"lectureContext~99SZyjVxEeW6RApRXdjJPw!~11NAh!~RZcXIen_EeWGQw4DhrM_Tw",2016-03-22 10:24:01.431
"99SZyjVxEeW6RApRXdjJPw","11NAh","RZcXIen_EeWGQw4DhrM_Tw","lecture","LIKE_OR_DISLIKE",8dafb0039be4b721211daf3906947f0d1703af6f,1,1,"lectureContext~99SZyjVxEeW6RApRXdjJPw!~11NAh!~RZcXIen_EeWGQw4DhrM_Tw",2016-03-23 23:21:14.426
"99SZyjVxEeW6RApRXdjJPw","11NAh","RZcXIen_EeWGQw4DhrM_Tw","lecture","LIKE_OR_DISLIKE",24b19143b19bd7d80cc1588f2fed957c94d243b4,1,1,"lectureContext~99SZyjVxEeW6RApRXdjJPw!~11NAh!~RZcXIen_EeWGQw4DhrM_Tw",2016-03-26 23:07:50.565
"99SZyjVxEeW6RApRXdjJPw","11NAh","RZcXIen_EeWGQw4DhrM_Tw","lecture","LIKE_OR_DISLIKE",57c790f8849d2d046ee207e236a00bc7f17644bd,1,1,"lectureContext~99SZyjVxEeW6RApRXdjJPw!~11NAh!~RZcXIen_EeWGQw4DhrM_Tw",2016-03-22 10:14:04.858
"99SZyjVxEeW6RApRXdjJPw","11NAh","RZcXIen_EeWGQw4DhrM_Tw","lecture","LIKE_OR_DISLIKE",0f7427f438870c65ad5f33c0ddbc913abf0f0264,1,1,"lectureContext~99SZyjVxEeW6RApRXdjJPw!~11NAh!~RZcXIen_EeWGQw4DhrM_Tw",2016-05-16 06:15:28.983
"99SZyjVxEeW6RApRXdjJPw","24XUN","AFDoDdy9EeWTeA7WFpW3Zw","lecture","LIKE_OR_DISLIKE",8dafb0039be4b721211daf3906947f0d1703af6f,1,1,"lectureContext~99SZyjVxEeW6RApRXdjJPw!~24XUN!~AFDoDdy9EeWTeA7WFpW3Zw",2016-03-24 01:04:13.278
"99SZyjVxEeW6RApRXdjJPw","24XUN","AFDoDdy9EeWTeA7WFpW3Zw","lecture","LIKE_OR_DISLIKE",72475792bfdb24a92308665b5b921ca55663a9d3,1,1,"lectureContext~99SZyjVxEeW6RApRXdjJPw!~24XUN!~AFDoDdy9EeWTeA7WFpW3Zw",2016-03-24 00:01:43.74
"99SZyjVxEeW6RApRXdjJPw","24XUN","AFDoDdy9EeWTeA7WFpW3Zw","lecture","LIKE_OR_DISLIKE",77c0eafce96a7a4c44df4de1989af9e845e27952,0,1,"lectureContext~99SZyjVxEeW6RApRXdjJPw!~24XUN!~AFDoDdy9EeWTeA7WFpW3Zw",2016-03-25 11:11:28.336
"99SZyjVxEeW6RApRXdjJPw","24XUN","AFDoDdy9EeWTeA7WFpW3Zw","lecture","LIKE_OR_DISLIKE",0d85d0f7f4805934f61fb04165638a2878fb98a0,1,1,"lectureContext~99SZyjVxEeW6RApRXdjJPw!~24XUN!~AFDoDdy9EeWTeA7WFpW3Zw",2016-03-24 21:11:53.347
"99SZyjVxEeW6RApRXdjJPw","2ws1e","2xfln9GqEeW-oArKdZgu1w@8","supplement","LIKE_OR_DISLIKE",6e268ded726e1e8c1bf8697e2d3cea0b5355c3d5,1,1,"supplementContext~99SZyjVxEeW6RApRXdjJPw!~2ws1e!~2xfln9GqEeW-oArKdZgu1w@8",2016-03-21 18:59:47.254
"99SZyjVxEeW6RApRXdjJPw","2ws1e","2xfln9GqEeW-oArKdZgu1w@8","supplement","LIKE_OR_DISLIKE",8dafb0039be4b721211daf3906947f0d1703af6f,1,1,"supplementContext~99SZyjVxEeW6RApRXdjJPw!~2ws1e!~2xfln9GqEeW-oArKdZgu1w@8",2016-03-23 14:32:10.10
"99SZyjVxEeW6RApRXdjJPw","2ws1e","2xfln9GqEeW-oArKdZgu1w@8","supplement","LIKE_OR_DISLIKE",c6243f697d977a71a34acebee8621bc51d31af92,1,1,"supplementContext~99SZyjVxEeW6RApRXdjJPw!~2ws1e!~2xfln9GqEeW-oArKdZgu1w@8",2016-03-23 00:58:16.279
"99SZyjVxEeW6RApRXdjJPw","2ws1e","2xfln9GqEeW-oArKdZgu1w@8","supplement","LIKE_OR_DISLIKE",eb3de082bd9d9ad5b7095d0559e93f7b39d46e0b,1,1,"supplementContext~99SZyjVxEeW6RApRXdjJPw!~2ws1e!~2xfln9GqEeW-oArKdZgu1w@8",2016-03-22 16:11:41.141
"99SZyjVxEeW6RApRXdjJPw","2ws1e","2xfln9GqEeW-oArKdZgu1w@8","supplement","LIKE_OR_DISLIKE",d5ea06e03add1c39c6b30d244747270a14f2adf0,1,1,"supplementContext~99SZyjVxEeW6RApRXdjJPw!~2ws1e!~2xfln9GqEeW-oArKdZgu1w@8",2016-03-26 11:43:01.529
"99SZyjVxEeW6RApRXdjJPw","2ws1e","2xfln9GqEeW-oArKdZgu1w@8","supplement","LIKE_OR_DISLIKE",7103b032d8716bd9e85ed5646e5b45b455e30121,1,1,"supplementContext~99SZyjVxEeW6RApRXdjJPw!~2ws1e!~2xfln9GqEeW-oArKdZgu1w@8",2016-03-28 03:54:38.069
"99SZyjVxEeW6RApRXdjJPw","2ws1e","2xfln9GqEeW-oArKdZgu1w@8","supplement","LIKE_OR_DISLIKE",24b19143b19bd7d80cc1588f2fed957c94d243b4,1,1,"supplementContext~99SZyjVxEeW6RApRXdjJPw!~2ws1e!~2xfln9GqEeW-oArKdZgu1w@8",2016-03-23 20:11:50.17
"99SZyjVxEeW6RApRXdjJPw","2ws1e","2xfln9GqEeW-oArKdZgu1w@8","supplement","LIKE_OR_DISLIKE",ec593e51069233e7943dec0a84309f20b255a364,1,1,"supplementContext~99SZyjVxEeW6RApRXdjJPw!~2ws1e!~2xfln9GqEeW-oArKdZgu1w@8",2016-03-21 22:40:58.16
"99SZyjVxEeW6RApRXdjJPw","2ws1e","2xfln9GqEeW-oArKdZgu1w@8","supplement","LIKE_OR_DISLIKE",5ce04d39a7d1fcd6a6df329f13442cf3859dff0c,1,1,"supplementContext~99SZyjVxEeW6RApRXdjJPw!~2ws1e!~2xfln9GqEeW-oArKdZgu1w@8",2016-03-28 18:04:42.896
"99SZyjVxEeW6RApRXdjJPw","2ws1e","2xfln9GqEeW-oArKdZgu1w@8","supplement","LIKE_OR_DISLIKE",c697456a31c4e96b23c643f70525029755941e7e,1,1,"supplementContext~99SZyjVxEeW6RApRXdjJPw!~2ws1e!~2xfln9GqEeW-oArKdZgu1w@8",2016-03-22 03:57:23.796
"99SZyjVxEeW6RApRXdjJPw","2ws1e","2xfln9GqEeW-oArKdZgu1w@8","supplement","LIKE_OR_DISLIKE",57c790f8849d2d046ee207e236a00bc7f17644bd,1,1,"supplementContext~99SZyjVxEeW6RApRXdjJPw!~2ws1e!~2xfln9GqEeW-oArKdZgu1w@8",2016-03-22 10:14:26.023
"99SZyjVxEeW6RApRXdjJPw","2ws1e","2xfln9GqEeW-oArKdZgu1w@8","supplement","LIKE_OR_DISLIKE",d4ac7e61469fc82750861aa3176a4fc3a35d1533,1,1,"supplementContext~99SZyjVxEeW6RApRXdjJPw!~2ws1e!~2xfln9GqEeW-oArKdZgu1w@8",2016-05-19 23:03:39.554
"99SZyjVxEeW6RApRXdjJPw","2ws1e","2xfln9GqEeW-oArKdZgu1w@8","supplement","LIKE_OR_DISLIKE",f94ad9ccc3d39bf92d4dcd7e77db2fd9ee03509a,1,1,"supplementContext~99SZyjVxEeW6RApRXdjJPw!~2ws1e!~2xfln9GqEeW-oArKdZgu1w@8",2016-03-22 13:52:11.927
"99SZyjVxEeW6RApRXdjJPw","2ws1e","2xfln9GqEeW-oArKdZgu1w@8","supplement","LIKE_OR_DISLIKE",22550fb6f0e1634eb910769e43d8b00bdcf3b878,1,1,"supplementContext~99SZyjVxEeW6RApRXdjJPw!~2ws1e!~2xfln9GqEeW-oArKdZgu1w@8",2016-03-22 19:53:55.91
"99SZyjVxEeW6RApRXdjJPw","2ws1e","2xfln9GqEeW-oArKdZgu1w@8","supplement","LIKE_OR_DISLIKE",2f65c25b90963899692e8440729e0ec4b42d2560,1,1,"supplementContext~99SZyjVxEeW6RApRXdjJPw!~2ws1e!~2xfln9GqEeW-oArKdZgu1w@8",2016-05-23 15:41:13.136
"99SZyjVxEeW6RApRXdjJPw","2ws1e","2xfln9GqEeW-oArKdZgu1w@8","supplement","LIKE_OR_DISLIKE",423da0a811f4f2b580e626a60fe29ac73925c51c,1,1,"supplementContext~99SZyjVxEeW6RApRXdjJPw!~2ws1e!~2xfln9GqEeW-oArKdZgu1w@8",2016-05-19 04:24:46.259
"99SZyjVxEeW6RApRXdjJPw","2ws1e","2xfln9GqEeW-oArKdZgu1w@8","supplement","LIKE_OR_DISLIKE",0f7427f438870c65ad5f33c0ddbc913abf0f0264,1,1,"supplementContext~99SZyjVxEeW6RApRXdjJPw!~2ws1e!~2xfln9GqEeW-oArKdZgu1w@8",2016-05-16 06:18:46.259
"99SZyjVxEeW6RApRXdjJPw","2ws1e","2xfln9GqEeW-oArKdZgu1w@8","supplement","LIKE_OR_DISLIKE",e8e92a8215b08d9bd707790d3152d5e1985f3dde,1,1,"supplementContext~99SZyjVxEeW6RApRXdjJPw!~2ws1e!~2xfln9GqEeW-oArKdZgu1w@8",2016-03-23 06:37:53.848
"99SZyjVxEeW6RApRXdjJPw","2ws1e","2xfln9GqEeW-oArKdZgu1w@8","supplement","LIKE_OR_DISLIKE",b9dcca5a033b17a016881181802d898ec2ea5e7c,1,1,"supplementContext~99SZyjVxEeW6RApRXdjJPw!~2ws1e!~2xfln9GqEeW-oArKdZgu1w@8",2016-05-13 16:22:03.134
"99SZyjVxEeW6RApRXdjJPw","5CUlS","R86EWN6YEeWO-Q5DGvdVFQ","lecture","LIKE_OR_DISLIKE",8dafb0039be4b721211daf3906947f0d1703af6f,1,1,"lectureContext~99SZyjVxEeW6RApRXdjJPw!~5CUlS!~R86EWN6YEeWO-Q5DGvdVFQ",2016-04-25 00:59:03.973
"99SZyjVxEeW6RApRXdjJPw","5rtCp","4ye6v86CEeWHLg7j6nd2_Q@7","supplement","LIKE_OR_DISLIKE",8dafb0039be4b721211daf3906947f0d1703af6f,1,1,"supplementContext~99SZyjVxEeW6RApRXdjJPw!~5rtCp!~4ye6v86CEeWHLg7j6nd2_Q@7",2016-03-23 15:56:09.042
"99SZyjVxEeW6RApRXdjJPw","5rtCp","4ye6v86CEeWHLg7j6nd2_Q@7","supplement","LIKE_OR_DISLIKE",c6243f697d977a71a34acebee8621bc51d31af92,1,1,"supplementContext~99SZyjVxEeW6RApRXdjJPw!~5rtCp!~4ye6v86CEeWHLg7j6nd2_Q@7",2016-03-27 10:01:30.22
"99SZyjVxEeW6RApRXdjJPw","5rtCp","4ye6v86CEeWHLg7j6nd2_Q@7","supplement","LIKE_OR_DISLIKE",ec593e51069233e7943dec0a84309f20b255a364,1,1,"supplementContext~99SZyjVxEeW6RApRXdjJPw!~5rtCp!~4ye6v86CEeWHLg7j6nd2_Q@7",2016-03-25 14:28:40.861
"99SZyjVxEeW6RApRXdjJPw","5rtCp","4ye6v86CEeWHLg7j6nd2_Q@7","supplement","LIKE_OR_DISLIKE",2f65c25b90963899692e8440729e0ec4b42d2560,1,1,"supplementContext~99SZyjVxEeW6RApRXdjJPw!~5rtCp!~4ye6v86CEeWHLg7j6nd2_Q@7",2016-05-25 11:05:59.654
"99SZyjVxEeW6RApRXdjJPw","5rtCp","4ye6v86CEeWHLg7j6nd2_Q@7","supplement","LIKE_OR_DISLIKE",19a0a3a046cb3643e72582a2fec64466508d89fe,1,1,"supplementContext~99SZyjVxEeW6RApRXdjJPw!~5rtCp!~4ye6v86CEeWHLg7j6nd2_Q@7",2016-03-29 13:11:15.371
"99SZyjVxEeW6RApRXdjJPw","5rtCp","4ye6v86CEeWHLg7j6nd2_Q@7","supplement","LIKE_OR_DISLIKE",ec7b8154080666ec59f6bc0071c899f24ebfd3d2,1,1,"supplementContext~99SZyjVxEeW6RApRXdjJPw!~5rtCp!~4ye6v86CEeWHLg7j6nd2_Q@7",2016-03-22 21:50:47.377
"99SZyjVxEeW6RApRXdjJPw","6rdPD","7T_9jdGpEeWHOA7t0uQ0Ww@5","peerAssignment","LIKE_OR_DISLIKE",8dafb0039be4b721211daf3906947f0d1703af6f,1,1,"peerAssignmentContext~99SZyjVxEeW6RApRXdjJPw!~6rdPD!~7T_9jdGpEeWHOA7t0uQ0Ww@5",2016-04-28 17:38:28.301
"99SZyjVxEeW6RApRXdjJPw","6rdPD","7T_9jdGpEeWHOA7t0uQ0Ww@5","peerAssignment","LIKE_OR_DISLIKE",72475792bfdb24a92308665b5b921ca55663a9d3,1,1,"peerAssignmentContext~99SZyjVxEeW6RApRXdjJPw!~6rdPD!~7T_9jdGpEeWHOA7t0uQ0Ww@5",2016-04-02 22:08:18.728
"99SZyjVxEeW6RApRXdjJPw","6rdPD","7T_9jdGpEeWHOA7t0uQ0Ww@5","peerAssignment","LIKE_OR_DISLIKE",b9dcca5a033b17a016881181802d898ec2ea5e7c,1,1,"peerAssignmentContext~99SZyjVxEeW6RApRXdjJPw!~6rdPD!~7T_9jdGpEeWHOA7t0uQ0Ww@5",2016-06-25 19:29:50.664
"99SZyjVxEeW6RApRXdjJPw","6rdPD","7T_9jdGpEeWHOA7t0uQ0Ww@5","peerAssignment","LIKE_OR_DISLIKE",e9bc69fa470448f963b034832f2bfb2714e68595,1,1,"peerAssignmentContext~99SZyjVxEeW6RApRXdjJPw!~6rdPD!~7T_9jdGpEeWHOA7t0uQ0Ww@5",2016-06-26 05:48:46.256
"99SZyjVxEeW6RApRXdjJPw","7UTtN","P3kcYs6CEeW6bA4RgCmm0Q@10","peerAssignment","LIKE_OR_DISLIKE",8dafb0039be4b721211daf3906947f0d1703af6f,1,1,"peerAssignmentContext~99SZyjVxEeW6RApRXdjJPw!~7UTtN!~P3kcYs6CEeW6bA4RgCmm0Q@10",2016-03-24 01:10:43.958
"99SZyjVxEeW6RApRXdjJPw","7UTtN","P3kcYs6CEeW6bA4RgCmm0Q@10","peerAssignment","LIKE_OR_DISLIKE",823c07b370d3d3034c493f544530c11f608988fa,0,1,"peerAssignmentContext~99SZyjVxEeW6RApRXdjJPw!~7UTtN!~P3kcYs6CEeW6bA4RgCmm0Q@10",2016-04-01 17:43:31.142
"99SZyjVxEeW6RApRXdjJPw","7UTtN","P3kcYs6CEeW6bA4RgCmm0Q@10","peerAssignment","LIKE_OR_DISLIKE",ec593e51069233e7943dec0a84309f20b255a364,1,1,"peerAssignmentContext~99SZyjVxEeW6RApRXdjJPw!~7UTtN!~P3kcYs6CEeW6bA4RgCmm0Q@10",2016-03-25 14:25:57.848
"99SZyjVxEeW6RApRXdjJPw","7UTtN","P3kcYs6CEeW6bA4RgCmm0Q@12","peerAssignment","LIKE_OR_DISLIKE",d4ac7e61469fc82750861aa3176a4fc3a35d1533,1,1,"peerAssignmentContext~99SZyjVxEeW6RApRXdjJPw!~7UTtN!~P3kcYs6CEeW6bA4RgCmm0Q@12",2016-05-22 23:08:54.62
"99SZyjVxEeW6RApRXdjJPw","7UTtN","P3kcYs6CEeW6bA4RgCmm0Q@10","peerAssignment","LIKE_OR_DISLIKE",310b5c91a83ab2e4261b767ef2710875dbf08774,1,1,"peerAssignmentContext~99SZyjVxEeW6RApRXdjJPw!~7UTtN!~P3kcYs6CEeW6bA4RgCmm0Q@10",2016-03-22 22:06:25.613
"99SZyjVxEeW6RApRXdjJPw","7UTtN","P3kcYs6CEeW6bA4RgCmm0Q@10","peerAssignment","LIKE_OR_DISLIKE",22550fb6f0e1634eb910769e43d8b00bdcf3b878,1,1,"peerAssignmentContext~99SZyjVxEeW6RApRXdjJPw!~7UTtN!~P3kcYs6CEeW6bA4RgCmm0Q@10",2016-03-24 12:18:46.708
"99SZyjVxEeW6RApRXdjJPw","7UTtN","P3kcYs6CEeW6bA4RgCmm0Q@12","peerAssignment","LIKE_OR_DISLIKE",0f7427f438870c65ad5f33c0ddbc913abf0f0264,1,1,"peerAssignmentContext~99SZyjVxEeW6RApRXdjJPw!~7UTtN!~P3kcYs6CEeW6bA4RgCmm0Q@12",2016-05-21 17:02:58.585
"99SZyjVxEeW6RApRXdjJPw","7UTtN","P3kcYs6CEeW6bA4RgCmm0Q@12","peerAssignment","LIKE_OR_DISLIKE",b9dcca5a033b17a016881181802d898ec2ea5e7c,1,1,"peerAssignmentContext~99SZyjVxEeW6RApRXdjJPw!~7UTtN!~P3kcYs6CEeW6bA4RgCmm0Q@12",2016-05-22 18:59:30.58
"99SZyjVxEeW6RApRXdjJPw","7tqcS","gln6YtTXEeWekAqisec5Cw@5","supplement","LIKE_OR_DISLIKE",8dafb0039be4b721211daf3906947f0d1703af6f,1,1,"supplementContext~99SZyjVxEeW6RApRXdjJPw!~7tqcS!~gln6YtTXEeWekAqisec5Cw@5",2016-04-11 18:52:05.669
"99SZyjVxEeW6RApRXdjJPw","7tqcS","gln6YtTXEeWekAqisec5Cw@5","supplement","LIKE_OR_DISLIKE",72475792bfdb24a92308665b5b921ca55663a9d3,1,1,"supplementContext~99SZyjVxEeW6RApRXdjJPw!~7tqcS!~gln6YtTXEeWekAqisec5Cw@5",2016-04-03 00:56:26.811
"99SZyjVxEeW6RApRXdjJPw","7tqcS","gln6YtTXEeWekAqisec5Cw@5","supplement","LIKE_OR_DISLIKE",1141bd27a81f4c57cd2fbb6ad1a7594cca3044e2,1,1,"supplementContext~99SZyjVxEeW6RApRXdjJPw!~7tqcS!~gln6YtTXEeWekAqisec5Cw@5",2016-04-20 19:17:37.079
"99SZyjVxEeW6RApRXdjJPw","7tqcS","gln6YtTXEeWekAqisec5Cw@5","supplement","LIKE_OR_DISLIKE",22550fb6f0e1634eb910769e43d8b00bdcf3b878,1,1,"supplementContext~99SZyjVxEeW6RApRXdjJPw!~7tqcS!~gln6YtTXEeWekAqisec5Cw@5",2016-04-15 21:57:06.022
"99SZyjVxEeW6RApRXdjJPw","8hQcr","AI8CcM6REeWRcgrL75b_bQ@10","peerAssignment","LIKE_OR_DISLIKE",8dafb0039be4b721211daf3906947f0d1703af6f,1,1,"peerAssignmentContext~99SZyjVxEeW6RApRXdjJPw!~8hQcr!~AI8CcM6REeWRcgrL75b_bQ@10",2016-04-11 02:07:16.356
"99SZyjVxEeW6RApRXdjJPw","8hQcr","AI8CcM6REeWRcgrL75b_bQ@10","peerAssignment","LIKE_OR_DISLIKE",72475792bfdb24a92308665b5b921ca55663a9d3,1,1,"peerAssignmentContext~99SZyjVxEeW6RApRXdjJPw!~8hQcr!~AI8CcM6REeWRcgrL75b_bQ@10",2016-03-30 22:26:43.125
"99SZyjVxEeW6RApRXdjJPw","8hQcr","AI8CcM6REeWRcgrL75b_bQ@10","peerAssignment","LIKE_OR_DISLIKE",ec593e51069233e7943dec0a84309f20b255a364,1,1,"peerAssignmentContext~99SZyjVxEeW6RApRXdjJPw!~8hQcr!~AI8CcM6REeWRcgrL75b_bQ@10",2016-04-10 23:13:08.876
"99SZyjVxEeW6RApRXdjJPw","8hQcr","AI8CcM6REeWRcgrL75b_bQ@10","peerAssignment","LIKE_OR_DISLIKE",22550fb6f0e1634eb910769e43d8b00bdcf3b878,0,1,"peerAssignmentContext~99SZyjVxEeW6RApRXdjJPw!~8hQcr!~AI8CcM6REeWRcgrL75b_bQ@10",2016-04-02 13:45:00.603
"99SZyjVxEeW6RApRXdjJPw","8hQcr","AI8CcM6REeWRcgrL75b_bQ@10","peerAssignment","LIKE_OR_DISLIKE",96e0ca3767011aad400522b2e3baf70eac76318a,1,1,"peerAssignmentContext~99SZyjVxEeW6RApRXdjJPw!~8hQcr!~AI8CcM6REeWRcgrL75b_bQ@10",2016-04-04 12:05:50.019
"99SZyjVxEeW6RApRXdjJPw","8hQcr","AI8CcM6REeWRcgrL75b_bQ@11","peerAssignment","LIKE_OR_DISLIKE",e61c4328d8eab0e660e2d8684335de48a7c5670d,1,1,"peerAssignmentContext~99SZyjVxEeW6RApRXdjJPw!~8hQcr!~AI8CcM6REeWRcgrL75b_bQ@11",2016-06-04 09:36:35.668
"99SZyjVxEeW6RApRXdjJPw","8hQcr","AI8CcM6REeWRcgrL75b_bQ@11","peerAssignment","LIKE_OR_DISLIKE",b9dcca5a033b17a016881181802d898ec2ea5e7c,1,1,"peerAssignmentContext~99SZyjVxEeW6RApRXdjJPw!~8hQcr!~AI8CcM6REeWRcgrL75b_bQ@11",2016-06-05 17:00:37.842
"99SZyjVxEeW6RApRXdjJPw","9b8pe","BLPZL86hEeWcjBIygITf2w@17","supplement","LIKE_OR_DISLIKE",8dafb0039be4b721211daf3906947f0d1703af6f,1,1,"supplementContext~99SZyjVxEeW6RApRXdjJPw!~9b8pe!~BLPZL86hEeWcjBIygITf2w@17",2016-03-23 15:16:21.667
"99SZyjVxEeW6RApRXdjJPw","9b8pe","BLPZL86hEeWcjBIygITf2w@17","supplement","LIKE_OR_DISLIKE",ec593e51069233e7943dec0a84309f20b255a364,1,1,"supplementContext~99SZyjVxEeW6RApRXdjJPw!~9b8pe!~BLPZL86hEeWcjBIygITf2w@17",2016-03-21 23:01:07.286
"99SZyjVxEeW6RApRXdjJPw","9b8pe","BLPZL86hEeWcjBIygITf2w@17","supplement","LIKE_OR_DISLIKE",5ce04d39a7d1fcd6a6df329f13442cf3859dff0c,1,1,"supplementContext~99SZyjVxEeW6RApRXdjJPw!~9b8pe!~BLPZL86hEeWcjBIygITf2w@17",2016-03-28 18:07:34.206
"99SZyjVxEeW6RApRXdjJPw","9b8pe","BLPZL86hEeWcjBIygITf2w@17","supplement","LIKE_OR_DISLIKE",22550fb6f0e1634eb910769e43d8b00bdcf3b878,1,1,"supplementContext~99SZyjVxEeW6RApRXdjJPw!~9b8pe!~BLPZL86hEeWcjBIygITf2w@17",2016-03-22 20:22:55.012
"99SZyjVxEeW6RApRXdjJPw","9b8pe","BLPZL86hEeWcjBIygITf2w@17","supplement","LIKE_OR_DISLIKE",afa6dba78e7361646c2ea5373af11b29b3043074,1,1,"supplementContext~99SZyjVxEeW6RApRXdjJPw!~9b8pe!~BLPZL86hEeWcjBIygITf2w@17",2016-05-19 10:00:59.062
"99SZyjVxEeW6RApRXdjJPw","9b8pe","BLPZL86hEeWcjBIygITf2w@17","supplement","LIKE_OR_DISLIKE",aaec59e3ca7f26fb0ad8edbb66b3957cbb3bd3d6,1,1,"supplementContext~99SZyjVxEeW6RApRXdjJPw!~9b8pe!~BLPZL86hEeWcjBIygITf2w@17",2016-03-24 20:02:55.088
"99SZyjVxEeW6RApRXdjJPw","BdOU7","XHdWA9GtEeW-oArKdZgu1w@7","supplement","LIKE_OR_DISLIKE",8dafb0039be4b721211daf3906947f0d1703af6f,1,1,"supplementContext~99SZyjVxEeW6RApRXdjJPw!~BdOU7!~XHdWA9GtEeW-oArKdZgu1w@7",2016-04-04 15:45:27.918
"99SZyjVxEeW6RApRXdjJPw","E6m7K","ZqZRCtTbEeWHOA7t0uQ0Ww@10","peerAssignment","LIKE_OR_DISLIKE",8dafb0039be4b721211daf3906947f0d1703af6f,1,1,"peerAssignmentContext~99SZyjVxEeW6RApRXdjJPw!~E6m7K!~ZqZRCtTbEeWHOA7t0uQ0Ww@10",2016-04-18 01:00:23.171
"99SZyjVxEeW6RApRXdjJPw","E6m7K","ZqZRCtTbEeWHOA7t0uQ0Ww@10","peerAssignment","LIKE_OR_DISLIKE",c6243f697d977a71a34acebee8621bc51d31af92,1,1,"peerAssignmentContext~99SZyjVxEeW6RApRXdjJPw!~E6m7K!~ZqZRCtTbEeWHOA7t0uQ0Ww@10",2016-04-16 12:01:15.559
"99SZyjVxEeW6RApRXdjJPw","G5Mcg","3dUSf96VEeWGkg7lknKHZw","lecture","LIKE_OR_DISLIKE",8dafb0039be4b721211daf3906947f0d1703af6f,1,1,"lectureContext~99SZyjVxEeW6RApRXdjJPw!~G5Mcg!~3dUSf96VEeWGkg7lknKHZw",2016-04-25 00:36:17.665
"99SZyjVxEeW6RApRXdjJPw","G5Mcg","3dUSf96VEeWGkg7lknKHZw","lecture","LIKE_OR_DISLIKE",72475792bfdb24a92308665b5b921ca55663a9d3,1,1,"lectureContext~99SZyjVxEeW6RApRXdjJPw!~G5Mcg!~3dUSf96VEeWGkg7lknKHZw",2016-04-02 00:24:48.633
"99SZyjVxEeW6RApRXdjJPw","Je4bP","3WiUkN9ZEeW_ChLo3sp-tw","lecture","LIKE_OR_DISLIKE",596261ce5b273f23e60eeaf717266bac18b63012,1,1,"lectureContext~99SZyjVxEeW6RApRXdjJPw!~Je4bP!~3WiUkN9ZEeW_ChLo3sp-tw",2016-06-26 16:08:59.684
"99SZyjVxEeW6RApRXdjJPw","Je4bP","3WiUkN9ZEeW_ChLo3sp-tw","lecture","LIKE_OR_DISLIKE",0d85d0f7f4805934f61fb04165638a2878fb98a0,1,1,"lectureContext~99SZyjVxEeW6RApRXdjJPw!~Je4bP!~3WiUkN9ZEeW_ChLo3sp-tw",2016-04-27 19:32:03.05
"99SZyjVxEeW6RApRXdjJPw","Je4bP","3WiUkN9ZEeW_ChLo3sp-tw","lecture","LIKE_OR_DISLIKE",b9dcca5a033b17a016881181802d898ec2ea5e7c,1,1,"lectureContext~99SZyjVxEeW6RApRXdjJPw!~Je4bP!~3WiUkN9ZEeW_ChLo3sp-tw",2016-06-23 19:31:07.798
"99SZyjVxEeW6RApRXdjJPw","LdL1I","Yk529NTVEeW4tgq7X49Qnw@3","supplement","LIKE_OR_DISLIKE",8dafb0039be4b721211daf3906947f0d1703af6f,1,1,"supplementContext~99SZyjVxEeW6RApRXdjJPw!~LdL1I!~Yk529NTVEeW4tgq7X49Qnw@3",2016-04-28 01:14:37.107
"99SZyjVxEeW6RApRXdjJPw","LdL1I","Yk529NTVEeW4tgq7X49Qnw@3","supplement","LIKE_OR_DISLIKE",72475792bfdb24a92308665b5b921ca55663a9d3,1,1,"supplementContext~99SZyjVxEeW6RApRXdjJPw!~LdL1I!~Yk529NTVEeW4tgq7X49Qnw@3",2016-04-02 05:23:45.803
"99SZyjVxEeW6RApRXdjJPw","LdL1I","Yk529NTVEeW4tgq7X49Qnw@3","supplement","LIKE_OR_DISLIKE",5ec85e4fd1961efcb9250b05b2bcf1ddae16c960,1,1,"supplementContext~99SZyjVxEeW6RApRXdjJPw!~LdL1I!~Yk529NTVEeW4tgq7X49Qnw@3",2016-06-13 13:51:24.995
"99SZyjVxEeW6RApRXdjJPw","LyIPI","pEhPx-VoEeWpMArdix1vfQ@3","supplement","LIKE_OR_DISLIKE",8dafb0039be4b721211daf3906947f0d1703af6f,1,1,"supplementContext~99SZyjVxEeW6RApRXdjJPw!~LyIPI!~pEhPx-VoEeWpMArdix1vfQ@3",2016-04-28 19:00:23.438
"99SZyjVxEeW6RApRXdjJPw","LyIPI","pEhPx-VoEeWpMArdix1vfQ@3","supplement","LIKE_OR_DISLIKE",22550fb6f0e1634eb910769e43d8b00bdcf3b878,1,1,"supplementContext~99SZyjVxEeW6RApRXdjJPw!~LyIPI!~pEhPx-VoEeWpMArdix1vfQ@3",2016-04-16 23:37:29.577
"99SZyjVxEeW6RApRXdjJPw","LyIPI","pEhPx-VoEeWpMArdix1vfQ@3","supplement","LIKE_OR_DISLIKE",e9bc69fa470448f963b034832f2bfb2714e68595,1,1,"supplementContext~99SZyjVxEeW6RApRXdjJPw!~LyIPI!~pEhPx-VoEeWpMArdix1vfQ@3",2016-06-26 22:47:58.396
"99SZyjVxEeW6RApRXdjJPw","MvqRu","B-1kvdTcEeW-oArKdZgu1w@9","supplement","LIKE_OR_DISLIKE",8dafb0039be4b721211daf3906947f0d1703af6f,1,1,"supplementContext~99SZyjVxEeW6RApRXdjJPw!~MvqRu!~B-1kvdTcEeW-oArKdZgu1w@9",2016-04-19 14:02:54.886
"99SZyjVxEeW6RApRXdjJPw","MvqRu","B-1kvdTcEeW-oArKdZgu1w@9","supplement","LIKE_OR_DISLIKE",72475792bfdb24a92308665b5b921ca55663a9d3,1,1,"supplementContext~99SZyjVxEeW6RApRXdjJPw!~MvqRu!~B-1kvdTcEeW-oArKdZgu1w@9",2016-04-02 04:03:39.004
"99SZyjVxEeW6RApRXdjJPw","NiskR","8KY099pjEeWNPApfY59gSw@6","supplement","LIKE_OR_DISLIKE",8dafb0039be4b721211daf3906947f0d1703af6f,1,1,"supplementContext~99SZyjVxEeW6RApRXdjJPw!~NiskR!~8KY099pjEeWNPApfY59gSw@6",2016-04-04 15:56:46.503
"99SZyjVxEeW6RApRXdjJPw","NiskR","8KY099pjEeWNPApfY59gSw@6","supplement","LIKE_OR_DISLIKE",72475792bfdb24a92308665b5b921ca55663a9d3,1,1,"supplementContext~99SZyjVxEeW6RApRXdjJPw!~NiskR!~8KY099pjEeWNPApfY59gSw@6",2016-03-29 02:34:45.31
"99SZyjVxEeW6RApRXdjJPw","NiskR","8KY099pjEeWNPApfY59gSw@6","supplement","LIKE_OR_DISLIKE",10349f0587b81a84023d5de4f28738364b221cbb,1,1,"supplementContext~99SZyjVxEeW6RApRXdjJPw!~NiskR!~8KY099pjEeWNPApfY59gSw@6",2016-05-19 10:15:31.564
"99SZyjVxEeW6RApRXdjJPw","NiskR","8KY099pjEeWNPApfY59gSw@6","supplement","LIKE_OR_DISLIKE",22550fb6f0e1634eb910769e43d8b00bdcf3b878,1,1,"supplementContext~99SZyjVxEeW6RApRXdjJPw!~NiskR!~8KY099pjEeWNPApfY59gSw@6",2016-04-02 01:22:03.647
"99SZyjVxEeW6RApRXdjJPw","NiskR","8KY099pjEeWNPApfY59gSw@6","supplement","LIKE_OR_DISLIKE",b9dcca5a033b17a016881181802d898ec2ea5e7c,1,1,"supplementContext~99SZyjVxEeW6RApRXdjJPw!~NiskR!~8KY099pjEeWNPApfY59gSw@6",2016-06-05 14:52:05.612
"99SZyjVxEeW6RApRXdjJPw","NiskR","8KY099pjEeWNPApfY59gSw@6","supplement","LIKE_OR_DISLIKE",e9bc69fa470448f963b034832f2bfb2714e68595,1,1,"supplementContext~99SZyjVxEeW6RApRXdjJPw!~NiskR!~8KY099pjEeWNPApfY59gSw@6",2016-06-04 19:38:38.612
"99SZyjVxEeW6RApRXdjJPw","ODzGD","jnu79959EeWfpQpuCYOMAw","lecture","LIKE_OR_DISLIKE",8dafb0039be4b721211daf3906947f0d1703af6f,1,1,"lectureContext~99SZyjVxEeW6RApRXdjJPw!~ODzGD!~jnu79959EeWfpQpuCYOMAw",2016-04-16 22:15:46.568
"99SZyjVxEeW6RApRXdjJPw","Orpha","8jzkN86PEeWyxApSRqwlWw@6","peerAssignment","LIKE_OR_DISLIKE",8dafb0039be4b721211daf3906947f0d1703af6f,1,1,"peerAssignmentContext~99SZyjVxEeW6RApRXdjJPw!~Orpha!~8jzkN86PEeWyxApSRqwlWw@6",2016-04-11 01:47:09.214
"99SZyjVxEeW6RApRXdjJPw","Orpha","8jzkN86PEeWyxApSRqwlWw@6","peerAssignment","LIKE_OR_DISLIKE",72475792bfdb24a92308665b5b921ca55663a9d3,1,1,"peerAssignmentContext~99SZyjVxEeW6RApRXdjJPw!~Orpha!~8jzkN86PEeWyxApSRqwlWw@6",2016-03-31 03:11:53.799
"99SZyjVxEeW6RApRXdjJPw","Orpha","8jzkN86PEeWyxApSRqwlWw@6","peerAssignment","LIKE_OR_DISLIKE",24b19143b19bd7d80cc1588f2fed957c94d243b4,1,1,"peerAssignmentContext~99SZyjVxEeW6RApRXdjJPw!~Orpha!~8jzkN86PEeWyxApSRqwlWw@6",2016-04-09 00:06:43.942
"99SZyjVxEeW6RApRXdjJPw","Orpha","8jzkN86PEeWyxApSRqwlWw@6","peerAssignment","LIKE_OR_DISLIKE",ec593e51069233e7943dec0a84309f20b255a364,1,1,"peerAssignmentContext~99SZyjVxEeW6RApRXdjJPw!~Orpha!~8jzkN86PEeWyxApSRqwlWw@6",2016-04-08 01:51:42.98
"99SZyjVxEeW6RApRXdjJPw","Orpha","8jzkN86PEeWyxApSRqwlWw@7","peerAssignment","LIKE_OR_DISLIKE",825d988915964d0871d246e88a8719eb484935e9,1,1,"peerAssignmentContext~99SZyjVxEeW6RApRXdjJPw!~Orpha!~8jzkN86PEeWyxApSRqwlWw@7",2016-05-29 20:59:17.148
"99SZyjVxEeW6RApRXdjJPw","Orpha","8jzkN86PEeWyxApSRqwlWw@7","peerAssignment","LIKE_OR_DISLIKE",b9dcca5a033b17a016881181802d898ec2ea5e7c,1,1,"peerAssignmentContext~99SZyjVxEeW6RApRXdjJPw!~Orpha!~8jzkN86PEeWyxApSRqwlWw@7",2016-06-05 15:58:15.82
"99SZyjVxEeW6RApRXdjJPw","Orpha","8jzkN86PEeWyxApSRqwlWw@7","peerAssignment","LIKE_OR_DISLIKE",d7f5d7d2fb2f27142eda79a03598160f8c00cb56,1,1,"peerAssignmentContext~99SZyjVxEeW6RApRXdjJPw!~Orpha!~8jzkN86PEeWyxApSRqwlWw@7",2016-06-01 04:33:42.65
"99SZyjVxEeW6RApRXdjJPw","Orpha","8jzkN86PEeWyxApSRqwlWw@7","peerAssignment","LIKE_OR_DISLIKE",e9bc69fa470448f963b034832f2bfb2714e68595,1,1,"peerAssignmentContext~99SZyjVxEeW6RApRXdjJPw!~Orpha!~8jzkN86PEeWyxApSRqwlWw@7",2016-06-04 20:33:35.339
"99SZyjVxEeW6RApRXdjJPw","PvXZU","-xK13dEPEeW3igq7kvt3qw@6","peerAssignment","LIKE_OR_DISLIKE",8dafb0039be4b721211daf3906947f0d1703af6f,1,1,"peerAssignmentContext~99SZyjVxEeW6RApRXdjJPw!~PvXZU!~-xK13dEPEeW3igq7kvt3qw@6",2016-04-25 00:38:12.20
"99SZyjVxEeW6RApRXdjJPw","PvXZU","-xK13dEPEeW3igq7kvt3qw@6","peerAssignment","LIKE_OR_DISLIKE",932bd67614e1cf33fca36c9baafa2c11c4229bc6,0,1,"peerAssignmentContext~99SZyjVxEeW6RApRXdjJPw!~PvXZU!~-xK13dEPEeW3igq7kvt3qw@6",2016-04-24 15:45:15.908
"99SZyjVxEeW6RApRXdjJPw","QRtNY","8xtc8NTUEeW2uA5c0DBwRQ@5","supplement","LIKE_OR_DISLIKE",a6ffd5da0cba5fbe458c48c82554e12874014ad3,1,1,"supplementContext~99SZyjVxEeW6RApRXdjJPw!~QRtNY!~8xtc8NTUEeW2uA5c0DBwRQ@5",2016-04-30 18:27:59.855
"99SZyjVxEeW6RApRXdjJPw","QRtNY","8xtc8NTUEeW2uA5c0DBwRQ@5","supplement","LIKE_OR_DISLIKE",8dafb0039be4b721211daf3906947f0d1703af6f,1,1,"supplementContext~99SZyjVxEeW6RApRXdjJPw!~QRtNY!~8xtc8NTUEeW2uA5c0DBwRQ@5",2016-03-23 14:29:26.057
"99SZyjVxEeW6RApRXdjJPw","QRtNY","8xtc8NTUEeW2uA5c0DBwRQ@5","supplement","LIKE_OR_DISLIKE",596261ce5b273f23e60eeaf717266bac18b63012,1,1,"supplementContext~99SZyjVxEeW6RApRXdjJPw!~QRtNY!~8xtc8NTUEeW2uA5c0DBwRQ@5",2016-06-20 17:06:42.395
"99SZyjVxEeW6RApRXdjJPw","QRtNY","8xtc8NTUEeW2uA5c0DBwRQ@5","supplement","LIKE_OR_DISLIKE",19a0a3a046cb3643e72582a2fec64466508d89fe,1,1,"supplementContext~99SZyjVxEeW6RApRXdjJPw!~QRtNY!~8xtc8NTUEeW2uA5c0DBwRQ@5",2016-04-25 19:14:21.313
"99SZyjVxEeW6RApRXdjJPw","QRtNY","8xtc8NTUEeW2uA5c0DBwRQ@5","supplement","LIKE_OR_DISLIKE",41e138a0df4d344595d18c0eabebf5e7d96961a8,1,1,"supplementContext~99SZyjVxEeW6RApRXdjJPw!~QRtNY!~8xtc8NTUEeW2uA5c0DBwRQ@5",2016-04-25 16:28:25.258
"99SZyjVxEeW6RApRXdjJPw","RQ3Zo","S24xAc6gEeWcjBIygITf2w@13","supplement","LIKE_OR_DISLIKE",8dafb0039be4b721211daf3906947f0d1703af6f,1,1,"supplementContext~99SZyjVxEeW6RApRXdjJPw!~RQ3Zo!~S24xAc6gEeWcjBIygITf2w@13",2016-03-23 15:15:00.934
"99SZyjVxEeW6RApRXdjJPw","RQ3Zo","S24xAc6gEeWcjBIygITf2w@13","supplement","LIKE_OR_DISLIKE",72475792bfdb24a92308665b5b921ca55663a9d3,1,1,"supplementContext~99SZyjVxEeW6RApRXdjJPw!~RQ3Zo!~S24xAc6gEeWcjBIygITf2w@13",2016-03-23 22:28:19.043
"99SZyjVxEeW6RApRXdjJPw","RQ3Zo","S24xAc6gEeWcjBIygITf2w@13","supplement","LIKE_OR_DISLIKE",eb3de082bd9d9ad5b7095d0559e93f7b39d46e0b,1,1,"supplementContext~99SZyjVxEeW6RApRXdjJPw!~RQ3Zo!~S24xAc6gEeWcjBIygITf2w@13",2016-03-22 16:20:44.202
"99SZyjVxEeW6RApRXdjJPw","RQ3Zo","S24xAc6gEeWcjBIygITf2w@14","supplement","LIKE_OR_DISLIKE",f1453bbd6aaccd3fc1358d3037bb5375d8c03b5c,1,1,"supplementContext~99SZyjVxEeW6RApRXdjJPw!~RQ3Zo!~S24xAc6gEeWcjBIygITf2w@14",2016-05-21 07:05:07.476
"99SZyjVxEeW6RApRXdjJPw","RQ3Zo","S24xAc6gEeWcjBIygITf2w@13","supplement","LIKE_OR_DISLIKE",0d85d0f7f4805934f61fb04165638a2878fb98a0,1,1,"supplementContext~99SZyjVxEeW6RApRXdjJPw!~RQ3Zo!~S24xAc6gEeWcjBIygITf2w@13",2016-03-21 20:25:41.87
"99SZyjVxEeW6RApRXdjJPw","RQ3Zo","S24xAc6gEeWcjBIygITf2w@14","supplement","LIKE_OR_DISLIKE",db814260f8f8918bd5b9aeeba82045c96c503117,1,1,"supplementContext~99SZyjVxEeW6RApRXdjJPw!~RQ3Zo!~S24xAc6gEeWcjBIygITf2w@14",2016-05-16 19:10:45.422
"99SZyjVxEeW6RApRXdjJPw","RQ3Zo","S24xAc6gEeWcjBIygITf2w@13","supplement","LIKE_OR_DISLIKE",24b19143b19bd7d80cc1588f2fed957c94d243b4,1,1,"supplementContext~99SZyjVxEeW6RApRXdjJPw!~RQ3Zo!~S24xAc6gEeWcjBIygITf2w@13",2016-03-23 20:20:27.039
"99SZyjVxEeW6RApRXdjJPw","RQ3Zo","S24xAc6gEeWcjBIygITf2w@13","supplement","LIKE_OR_DISLIKE",ec593e51069233e7943dec0a84309f20b255a364,1,1,"supplementContext~99SZyjVxEeW6RApRXdjJPw!~RQ3Zo!~S24xAc6gEeWcjBIygITf2w@13",2016-03-21 23:00:03.765
"99SZyjVxEeW6RApRXdjJPw","RQ3Zo","S24xAc6gEeWcjBIygITf2w@13","supplement","LIKE_OR_DISLIKE",57c790f8849d2d046ee207e236a00bc7f17644bd,1,1,"supplementContext~99SZyjVxEeW6RApRXdjJPw!~RQ3Zo!~S24xAc6gEeWcjBIygITf2w@13",2016-03-22 10:18:18.905
"99SZyjVxEeW6RApRXdjJPw","RQ3Zo","S24xAc6gEeWcjBIygITf2w@13","supplement","LIKE_OR_DISLIKE",310b5c91a83ab2e4261b767ef2710875dbf08774,1,1,"supplementContext~99SZyjVxEeW6RApRXdjJPw!~RQ3Zo!~S24xAc6gEeWcjBIygITf2w@13",2016-03-22 16:25:07.121
"99SZyjVxEeW6RApRXdjJPw","RQ3Zo","S24xAc6gEeWcjBIygITf2w@13","supplement","LIKE_OR_DISLIKE",22550fb6f0e1634eb910769e43d8b00bdcf3b878,1,1,"supplementContext~99SZyjVxEeW6RApRXdjJPw!~RQ3Zo!~S24xAc6gEeWcjBIygITf2w@13",2016-03-22 20:10:47.164
"99SZyjVxEeW6RApRXdjJPw","RQ3Zo","S24xAc6gEeWcjBIygITf2w@13","supplement","LIKE_OR_DISLIKE",bc80e4f2c2b121c220f4cf84b3e855d9f18d6c8f,1,1,"supplementContext~99SZyjVxEeW6RApRXdjJPw!~RQ3Zo!~S24xAc6gEeWcjBIygITf2w@13",2016-04-04 17:36:19.969
"99SZyjVxEeW6RApRXdjJPw","SAE71","FQKsVNTUEeWGIhKYWqjAgQ@9","supplement","LIKE_OR_DISLIKE",8dafb0039be4b721211daf3906947f0d1703af6f,1,1,"supplementContext~99SZyjVxEeW6RApRXdjJPw!~SAE71!~FQKsVNTUEeWGIhKYWqjAgQ@9",2016-04-27 16:50:22.154
"99SZyjVxEeW6RApRXdjJPw","SaDbD","2mUiHd6hEeWyYg6o_LFSMw","lecture","LIKE_OR_DISLIKE",8dafb0039be4b721211daf3906947f0d1703af6f,1,1,"lectureContext~99SZyjVxEeW6RApRXdjJPw!~SaDbD!~2mUiHd6hEeWyYg6o_LFSMw",2016-04-27 23:50:04.402
"99SZyjVxEeW6RApRXdjJPw","SaDbD","2mUiHd6hEeWyYg6o_LFSMw","lecture","LIKE_OR_DISLIKE",d4ac7e61469fc82750861aa3176a4fc3a35d1533,1,1,"lectureContext~99SZyjVxEeW6RApRXdjJPw!~SaDbD!~2mUiHd6hEeWyYg6o_LFSMw",2016-06-18 15:11:02.228
"99SZyjVxEeW6RApRXdjJPw","SaDbD","2mUiHd6hEeWyYg6o_LFSMw","lecture","LIKE_OR_DISLIKE",b9dcca5a033b17a016881181802d898ec2ea5e7c,1,1,"lectureContext~99SZyjVxEeW6RApRXdjJPw!~SaDbD!~2mUiHd6hEeWyYg6o_LFSMw",2016-06-23 16:09:07.815
"99SZyjVxEeW6RApRXdjJPw","SaDbD","2mUiHd6hEeWyYg6o_LFSMw","lecture","LIKE_OR_DISLIKE",e9bc69fa470448f963b034832f2bfb2714e68595,1,1,"lectureContext~99SZyjVxEeW6RApRXdjJPw!~SaDbD!~2mUiHd6hEeWyYg6o_LFSMw",2016-06-25 20:38:00.82
"99SZyjVxEeW6RApRXdjJPw","Ud9H3","5dptw96cEeWK-graHP3VxQ","lecture","LIKE_OR_DISLIKE",8dafb0039be4b721211daf3906947f0d1703af6f,1,1,"lectureContext~99SZyjVxEeW6RApRXdjJPw!~Ud9H3!~5dptw96cEeWK-graHP3VxQ",2016-04-27 23:48:25.509
"99SZyjVxEeW6RApRXdjJPw","Ud9H3","5dptw96cEeWK-graHP3VxQ","lecture","LIKE_OR_DISLIKE",b9dcca5a033b17a016881181802d898ec2ea5e7c,1,1,"lectureContext~99SZyjVxEeW6RApRXdjJPw!~Ud9H3!~5dptw96cEeWK-graHP3VxQ",2016-06-23 14:34:30.661
"99SZyjVxEeW6RApRXdjJPw","Utvpp","em6s9NEVEeWlfA7f_IUrbw@10","peerAssignment","LIKE_OR_DISLIKE",8dafb0039be4b721211daf3906947f0d1703af6f,1,1,"peerAssignmentContext~99SZyjVxEeW6RApRXdjJPw!~Utvpp!~em6s9NEVEeWlfA7f_IUrbw@10",2016-04-28 01:31:41.628
"99SZyjVxEeW6RApRXdjJPw","Utvpp","em6s9NEVEeWlfA7f_IUrbw@13","peerAssignment","LIKE_OR_DISLIKE",b9dcca5a033b17a016881181802d898ec2ea5e7c,1,1,"peerAssignmentContext~99SZyjVxEeW6RApRXdjJPw!~Utvpp!~em6s9NEVEeWlfA7f_IUrbw@13",2016-06-23 19:02:01.004
"99SZyjVxEeW6RApRXdjJPw","Utvpp","em6s9NEVEeWlfA7f_IUrbw@13","peerAssignment","LIKE_OR_DISLIKE",d7f5d7d2fb2f27142eda79a03598160f8c00cb56,0,1,"peerAssignmentContext~99SZyjVxEeW6RApRXdjJPw!~Utvpp!~em6s9NEVEeWlfA7f_IUrbw@13",2016-06-17 21:39:09.953
"99SZyjVxEeW6RApRXdjJPw","VsPwR","KJQkMN6CEeWyYg6o_LFSMw","lecture","LIKE_OR_DISLIKE",8dafb0039be4b721211daf3906947f0d1703af6f,1,1,"lectureContext~99SZyjVxEeW6RApRXdjJPw!~VsPwR!~KJQkMN6CEeWyYg6o_LFSMw",2016-04-16 23:07:03.642
"99SZyjVxEeW6RApRXdjJPw","VsPwR","KJQkMN6CEeWyYg6o_LFSMw","lecture","LIKE_OR_DISLIKE",72475792bfdb24a92308665b5b921ca55663a9d3,1,1,"lectureContext~99SZyjVxEeW6RApRXdjJPw!~VsPwR!~KJQkMN6CEeWyYg6o_LFSMw",2016-04-01 00:26:08.089
"99SZyjVxEeW6RApRXdjJPw","VsPwR","KJQkMN6CEeWyYg6o_LFSMw","lecture","LIKE_OR_DISLIKE",eb3de082bd9d9ad5b7095d0559e93f7b39d46e0b,1,1,"lectureContext~99SZyjVxEeW6RApRXdjJPw!~VsPwR!~KJQkMN6CEeWyYg6o_LFSMw",2016-04-11 16:19:13.169
"99SZyjVxEeW6RApRXdjJPw","VsPwR","KJQkMN6CEeWyYg6o_LFSMw","lecture","LIKE_OR_DISLIKE",d4ac7e61469fc82750861aa3176a4fc3a35d1533,1,1,"lectureContext~99SZyjVxEeW6RApRXdjJPw!~VsPwR!~KJQkMN6CEeWyYg6o_LFSMw",2016-06-09 01:50:34.243
"99SZyjVxEeW6RApRXdjJPw","WvvJI","fZ_Sl96JEeWO-Q5DGvdVFQ","lecture","LIKE_OR_DISLIKE",a6ffd5da0cba5fbe458c48c82554e12874014ad3,1,1,"lectureContext~99SZyjVxEeW6RApRXdjJPw!~WvvJI!~fZ_Sl96JEeWO-Q5DGvdVFQ",2016-04-19 14:10:16.736
"99SZyjVxEeW6RApRXdjJPw","WvvJI","fZ_Sl96JEeWO-Q5DGvdVFQ","lecture","LIKE_OR_DISLIKE",8dafb0039be4b721211daf3906947f0d1703af6f,1,1,"lectureContext~99SZyjVxEeW6RApRXdjJPw!~WvvJI!~fZ_Sl96JEeWO-Q5DGvdVFQ",2016-04-20 02:44:07.448
"99SZyjVxEeW6RApRXdjJPw","Y9s8H","OCU0mNTLEeW4tgq7X49Qnw@8","supplement","LIKE_OR_DISLIKE",8dafb0039be4b721211daf3906947f0d1703af6f,1,1,"supplementContext~99SZyjVxEeW6RApRXdjJPw!~Y9s8H!~OCU0mNTLEeW4tgq7X49Qnw@8",2016-04-14 13:01:27.625
"99SZyjVxEeW6RApRXdjJPw","Y9s8H","OCU0mNTLEeW4tgq7X49Qnw@8","supplement","LIKE_OR_DISLIKE",72475792bfdb24a92308665b5b921ca55663a9d3,1,1,"supplementContext~99SZyjVxEeW6RApRXdjJPw!~Y9s8H!~OCU0mNTLEeW4tgq7X49Qnw@8",2016-03-31 21:35:30.158
"99SZyjVxEeW6RApRXdjJPw","Y9s8H","OCU0mNTLEeW4tgq7X49Qnw@8","supplement","LIKE_OR_DISLIKE",ec593e51069233e7943dec0a84309f20b255a364,1,1,"supplementContext~99SZyjVxEeW6RApRXdjJPw!~Y9s8H!~OCU0mNTLEeW4tgq7X49Qnw@8",2016-04-11 04:10:02.676
"99SZyjVxEeW6RApRXdjJPw","Y9s8H","OCU0mNTLEeW4tgq7X49Qnw@8","supplement","LIKE_OR_DISLIKE",c8db2fac483c55f0434c9cfe277f5dc1e8fc8f86,1,1,"supplementContext~99SZyjVxEeW6RApRXdjJPw!~Y9s8H!~OCU0mNTLEeW4tgq7X49Qnw@8",2016-04-07 17:40:08.511
"99SZyjVxEeW6RApRXdjJPw","YLJk4","NYjqqtESEeWR0RIE1vRpDw@7","peerAssignment","LIKE_OR_DISLIKE",8dafb0039be4b721211daf3906947f0d1703af6f,1,1,"peerAssignmentContext~99SZyjVxEeW6RApRXdjJPw!~YLJk4!~NYjqqtESEeWR0RIE1vRpDw@7",2016-04-25 01:03:01.328
"99SZyjVxEeW6RApRXdjJPw","YLJk4","NYjqqtESEeWR0RIE1vRpDw@8","peerAssignment","LIKE_OR_DISLIKE",b9dcca5a033b17a016881181802d898ec2ea5e7c,1,1,"peerAssignmentContext~99SZyjVxEeW6RApRXdjJPw!~YLJk4!~NYjqqtESEeWR0RIE1vRpDw@8",2016-06-19 18:09:36.691
"99SZyjVxEeW6RApRXdjJPw","YRR22","B7quoNEDEeW86A4dl3pnEQ@9","peerAssignment","LIKE_OR_DISLIKE",8dafb0039be4b721211daf3906947f0d1703af6f,1,1,"peerAssignmentContext~99SZyjVxEeW6RApRXdjJPw!~YRR22!~B7quoNEDEeW86A4dl3pnEQ@9",2016-04-21 18:19:05.53
"99SZyjVxEeW6RApRXdjJPw","YRR22","B7quoNEDEeW86A4dl3pnEQ@9","peerAssignment","LIKE_OR_DISLIKE",44ea5baf8f18a38d32da7ddcb0548cf65154fcc3,0,1,"peerAssignmentContext~99SZyjVxEeW6RApRXdjJPw!~YRR22!~B7quoNEDEeW86A4dl3pnEQ@9",2016-04-22 15:48:33.279
"99SZyjVxEeW6RApRXdjJPw","YeRbq","jtgQUdtMEeWUkg45yV-Zhw@12","supplement","LIKE_OR_DISLIKE",22550fb6f0e1634eb910769e43d8b00bdcf3b878,1,1,"supplementContext~99SZyjVxEeW6RApRXdjJPw!~YeRbq!~jtgQUdtMEeWUkg45yV-Zhw@12",2016-04-09 18:06:58.187
"99SZyjVxEeW6RApRXdjJPw","YeRbq","jtgQUdtMEeWUkg45yV-Zhw@12","supplement","LIKE_OR_DISLIKE",19a0a3a046cb3643e72582a2fec64466508d89fe,1,1,"supplementContext~99SZyjVxEeW6RApRXdjJPw!~YeRbq!~jtgQUdtMEeWUkg45yV-Zhw@12",2016-04-18 11:50:20.845
"99SZyjVxEeW6RApRXdjJPw","YhcP4","sJXRztTREeW4tgq7X49Qnw@8","supplement","LIKE_OR_DISLIKE",8dafb0039be4b721211daf3906947f0d1703af6f,1,1,"supplementContext~99SZyjVxEeW6RApRXdjJPw!~YhcP4!~sJXRztTREeW4tgq7X49Qnw@8",2016-04-18 00:26:47.622
"99SZyjVxEeW6RApRXdjJPw","YhcP4","sJXRztTREeW4tgq7X49Qnw@8","supplement","LIKE_OR_DISLIKE",c6243f697d977a71a34acebee8621bc51d31af92,1,1,"supplementContext~99SZyjVxEeW6RApRXdjJPw!~YhcP4!~sJXRztTREeW4tgq7X49Qnw@8",2016-04-16 11:41:37.223
"99SZyjVxEeW6RApRXdjJPw","YhcP4","sJXRztTREeW4tgq7X49Qnw@8","supplement","LIKE_OR_DISLIKE",72475792bfdb24a92308665b5b921ca55663a9d3,1,1,"supplementContext~99SZyjVxEeW6RApRXdjJPw!~YhcP4!~sJXRztTREeW4tgq7X49Qnw@8",2016-04-01 02:01:31.774
"99SZyjVxEeW6RApRXdjJPw","YhcP4","sJXRztTREeW4tgq7X49Qnw@8","supplement","LIKE_OR_DISLIKE",3e40842af5518464dfb704c6b11c244755e9ea4f,1,1,"supplementContext~99SZyjVxEeW6RApRXdjJPw!~YhcP4!~sJXRztTREeW4tgq7X49Qnw@8",2016-04-17 10:07:22.895
"99SZyjVxEeW6RApRXdjJPw","YhcP4","sJXRztTREeW4tgq7X49Qnw@8","supplement","LIKE_OR_DISLIKE",22550fb6f0e1634eb910769e43d8b00bdcf3b878,1,1,"supplementContext~99SZyjVxEeW6RApRXdjJPw!~YhcP4!~sJXRztTREeW4tgq7X49Qnw@8",2016-04-04 22:01:09.233
"99SZyjVxEeW6RApRXdjJPw","YhcP4","sJXRztTREeW4tgq7X49Qnw@8","supplement","LIKE_OR_DISLIKE",776db21e37f1d05f041f96dbf358e918be160d7d,1,1,"supplementContext~99SZyjVxEeW6RApRXdjJPw!~YhcP4!~sJXRztTREeW4tgq7X49Qnw@8",2016-04-13 13:57:49.65
"99SZyjVxEeW6RApRXdjJPw","ZYvUp","5snwdtTTEeWyehIZec1EJQ@5","supplement","LIKE_OR_DISLIKE",a9be8bb14545924117ab4e88ec717d6405c83daf,1,1,"supplementContext~99SZyjVxEeW6RApRXdjJPw!~ZYvUp!~5snwdtTTEeWyehIZec1EJQ@5",2016-04-12 15:47:54.835
"99SZyjVxEeW6RApRXdjJPw","ZYvUp","5snwdtTTEeWyehIZec1EJQ@5","supplement","LIKE_OR_DISLIKE",72475792bfdb24a92308665b5b921ca55663a9d3,1,1,"supplementContext~99SZyjVxEeW6RApRXdjJPw!~ZYvUp!~5snwdtTTEeWyehIZec1EJQ@5",2016-04-02 04:01:11.411
"99SZyjVxEeW6RApRXdjJPw","ZYvUp","5snwdtTTEeWyehIZec1EJQ@5","supplement","LIKE_OR_DISLIKE",22550fb6f0e1634eb910769e43d8b00bdcf3b878,1,1,"supplementContext~99SZyjVxEeW6RApRXdjJPw!~ZYvUp!~5snwdtTTEeWyehIZec1EJQ@5",2016-04-09 21:38:03.228
"99SZyjVxEeW6RApRXdjJPw","a3J40","nqhqtdAbEeWJ8go9jrGl7Q@5","peerAssignment","LIKE_OR_DISLIKE",8dafb0039be4b721211daf3906947f0d1703af6f,1,1,"peerAssignmentContext~99SZyjVxEeW6RApRXdjJPw!~a3J40!~nqhqtdAbEeWJ8go9jrGl7Q@5",2016-04-18 00:35:33.682
"99SZyjVxEeW6RApRXdjJPw","a3J40","nqhqtdAbEeWJ8go9jrGl7Q@5","peerAssignment","LIKE_OR_DISLIKE",c6243f697d977a71a34acebee8621bc51d31af92,1,1,"peerAssignmentContext~99SZyjVxEeW6RApRXdjJPw!~a3J40!~nqhqtdAbEeWJ8go9jrGl7Q@5",2016-04-16 11:52:52.059
"99SZyjVxEeW6RApRXdjJPw","bAOFD","p7ah_d9bEeWkDBL0rCV_HQ","lecture","LIKE_OR_DISLIKE",a6ffd5da0cba5fbe458c48c82554e12874014ad3,1,1,"lectureContext~99SZyjVxEeW6RApRXdjJPw!~bAOFD!~p7ah_d9bEeWkDBL0rCV_HQ",2016-05-16 09:09:38.432
"99SZyjVxEeW6RApRXdjJPw","bAOFD","p7ah_d9bEeWkDBL0rCV_HQ","lecture","LIKE_OR_DISLIKE",37128d7ce6f713fdf878414a2584d207dc3fa1a9,1,1,"lectureContext~99SZyjVxEeW6RApRXdjJPw!~bAOFD!~p7ah_d9bEeWkDBL0rCV_HQ",2016-05-03 20:38:52.966
"99SZyjVxEeW6RApRXdjJPw","bAOFD","p7ah_d9bEeWkDBL0rCV_HQ","lecture","LIKE_OR_DISLIKE",22550fb6f0e1634eb910769e43d8b00bdcf3b878,1,1,"lectureContext~99SZyjVxEeW6RApRXdjJPw!~bAOFD!~p7ah_d9bEeWkDBL0rCV_HQ",2016-04-16 23:37:33.625
"99SZyjVxEeW6RApRXdjJPw","bAOFD","p7ah_d9bEeWkDBL0rCV_HQ","lecture","LIKE_OR_DISLIKE",aaec59e3ca7f26fb0ad8edbb66b3957cbb3bd3d6,1,1,"lectureContext~99SZyjVxEeW6RApRXdjJPw!~bAOFD!~p7ah_d9bEeWkDBL0rCV_HQ",2016-04-30 07:07:31.685
"99SZyjVxEeW6RApRXdjJPw","bWWG0","TBRb_dGwEeWGIhKYWqjAgQ@6","supplement","LIKE_OR_DISLIKE",8dafb0039be4b721211daf3906947f0d1703af6f,1,1,"supplementContext~99SZyjVxEeW6RApRXdjJPw!~bWWG0!~TBRb_dGwEeWGIhKYWqjAgQ@6",2016-04-04 15:53:15.47
"99SZyjVxEeW6RApRXdjJPw","bWWG0","TBRb_dGwEeWGIhKYWqjAgQ@5","supplement","LIKE_OR_DISLIKE",72475792bfdb24a92308665b5b921ca55663a9d3,1,1,"supplementContext~99SZyjVxEeW6RApRXdjJPw!~bWWG0!~TBRb_dGwEeWGIhKYWqjAgQ@5",2016-03-29 01:20:43.57
"99SZyjVxEeW6RApRXdjJPw","bWWG0","TBRb_dGwEeWGIhKYWqjAgQ@6","supplement","LIKE_OR_DISLIKE",2867d814834b667e73e66ef8f3cbf138221d9635,0,1,"supplementContext~99SZyjVxEeW6RApRXdjJPw!~bWWG0!~TBRb_dGwEeWGIhKYWqjAgQ@6",2016-04-07 10:11:44.727
"99SZyjVxEeW6RApRXdjJPw","bWWG0","TBRb_dGwEeWGIhKYWqjAgQ@6","supplement","LIKE_OR_DISLIKE",22550fb6f0e1634eb910769e43d8b00bdcf3b878,1,1,"supplementContext~99SZyjVxEeW6RApRXdjJPw!~bWWG0!~TBRb_dGwEeWGIhKYWqjAgQ@6",2016-04-02 00:56:06.861
"99SZyjVxEeW6RApRXdjJPw","bWWG0","TBRb_dGwEeWGIhKYWqjAgQ@7","supplement","LIKE_OR_DISLIKE",b9dcca5a033b17a016881181802d898ec2ea5e7c,0,1,"supplementContext~99SZyjVxEeW6RApRXdjJPw!~bWWG0!~TBRb_dGwEeWGIhKYWqjAgQ@7",2016-06-04 20:01:17.987
"99SZyjVxEeW6RApRXdjJPw","bWWG0","TBRb_dGwEeWGIhKYWqjAgQ@7","supplement","LIKE_OR_DISLIKE",e9bc69fa470448f963b034832f2bfb2714e68595,1,1,"supplementContext~99SZyjVxEeW6RApRXdjJPw!~bWWG0!~TBRb_dGwEeWGIhKYWqjAgQ@7",2016-06-04 19:14:17.056
"99SZyjVxEeW6RApRXdjJPw","ch4H9","o40uFM6MEeW4gBJQzjtgDw@9","peerAssignment","LIKE_OR_DISLIKE",8dafb0039be4b721211daf3906947f0d1703af6f,1,1,"peerAssignmentContext~99SZyjVxEeW6RApRXdjJPw!~ch4H9!~o40uFM6MEeW4gBJQzjtgDw@9",2016-04-01 11:53:49.473
"99SZyjVxEeW6RApRXdjJPw","ch4H9","o40uFM6MEeW4gBJQzjtgDw@9","peerAssignment","LIKE_OR_DISLIKE",72475792bfdb24a92308665b5b921ca55663a9d3,0,1,"peerAssignmentContext~99SZyjVxEeW6RApRXdjJPw!~ch4H9!~o40uFM6MEeW4gBJQzjtgDw@9",2016-04-01 23:42:33.155
"99SZyjVxEeW6RApRXdjJPw","ch4H9","o40uFM6MEeW4gBJQzjtgDw@8","peerAssignment","LIKE_OR_DISLIKE",ec593e51069233e7943dec0a84309f20b255a364,1,1,"peerAssignmentContext~99SZyjVxEeW6RApRXdjJPw!~ch4H9!~o40uFM6MEeW4gBJQzjtgDw@8",2016-03-27 20:03:26.142
"99SZyjVxEeW6RApRXdjJPw","ch4H9","o40uFM6MEeW4gBJQzjtgDw@10","peerAssignment","LIKE_OR_DISLIKE",fb7f92de05ea61caa4c6df57b68a5f3f77da99ff,0,1,"peerAssignmentContext~99SZyjVxEeW6RApRXdjJPw!~ch4H9!~o40uFM6MEeW4gBJQzjtgDw@10",2016-04-08 05:34:34.697
"99SZyjVxEeW6RApRXdjJPw","ch4H9","o40uFM6MEeW4gBJQzjtgDw@11","peerAssignment","LIKE_OR_DISLIKE",0f7427f438870c65ad5f33c0ddbc913abf0f0264,1,1,"peerAssignmentContext~99SZyjVxEeW6RApRXdjJPw!~ch4H9!~o40uFM6MEeW4gBJQzjtgDw@11",2016-05-22 10:36:08.763
"99SZyjVxEeW6RApRXdjJPw","ch4H9","o40uFM6MEeW4gBJQzjtgDw@12","peerAssignment","LIKE_OR_DISLIKE",b9dcca5a033b17a016881181802d898ec2ea5e7c,1,1,"peerAssignmentContext~99SZyjVxEeW6RApRXdjJPw!~ch4H9!~o40uFM6MEeW4gBJQzjtgDw@12",2016-05-27 12:21:14.686
"99SZyjVxEeW6RApRXdjJPw","ch4H9","o40uFM6MEeW4gBJQzjtgDw@9","peerAssignment","LIKE_OR_DISLIKE",ec7b8154080666ec59f6bc0071c899f24ebfd3d2,0,1,"peerAssignmentContext~99SZyjVxEeW6RApRXdjJPw!~ch4H9!~o40uFM6MEeW4gBJQzjtgDw@9",2016-03-29 21:25:09.868
"99SZyjVxEeW6RApRXdjJPw","dvhTj","Wd_78u-IEeWZLwp0iNGFFQ@3","supplement","LIKE_OR_DISLIKE",a6ffd5da0cba5fbe458c48c82554e12874014ad3,1,1,"supplementContext~99SZyjVxEeW6RApRXdjJPw!~dvhTj!~Wd_78u-IEeWZLwp0iNGFFQ@3",2016-03-22 10:37:31.093
"99SZyjVxEeW6RApRXdjJPw","dvhTj","Wd_78u-IEeWZLwp0iNGFFQ@3","supplement","LIKE_OR_DISLIKE",8dafb0039be4b721211daf3906947f0d1703af6f,1,1,"supplementContext~99SZyjVxEeW6RApRXdjJPw!~dvhTj!~Wd_78u-IEeWZLwp0iNGFFQ@3",2016-03-23 14:45:07.994
"99SZyjVxEeW6RApRXdjJPw","dvhTj","Wd_78u-IEeWZLwp0iNGFFQ@3","supplement","LIKE_OR_DISLIKE",22550fb6f0e1634eb910769e43d8b00bdcf3b878,1,1,"supplementContext~99SZyjVxEeW6RApRXdjJPw!~dvhTj!~Wd_78u-IEeWZLwp0iNGFFQ@3",2016-03-22 19:58:37.204
"99SZyjVxEeW6RApRXdjJPw","dvhTj","Wd_78u-IEeWZLwp0iNGFFQ@3","supplement","LIKE_OR_DISLIKE",825d988915964d0871d246e88a8719eb484935e9,1,1,"supplementContext~99SZyjVxEeW6RApRXdjJPw!~dvhTj!~Wd_78u-IEeWZLwp0iNGFFQ@3",2016-05-11 20:53:14.862
"99SZyjVxEeW6RApRXdjJPw","dvhTj","Wd_78u-IEeWZLwp0iNGFFQ@3","supplement","LIKE_OR_DISLIKE",e8e92a8215b08d9bd707790d3152d5e1985f3dde,1,1,"supplementContext~99SZyjVxEeW6RApRXdjJPw!~dvhTj!~Wd_78u-IEeWZLwp0iNGFFQ@3",2016-03-23 06:40:39.241
"99SZyjVxEeW6RApRXdjJPw","dvhTj","Wd_78u-IEeWZLwp0iNGFFQ@4","supplement","LIKE_OR_DISLIKE",d7f5d7d2fb2f27142eda79a03598160f8c00cb56,1,1,"supplementContext~99SZyjVxEeW6RApRXdjJPw!~dvhTj!~Wd_78u-IEeWZLwp0iNGFFQ@4",2016-05-16 23:05:36.77
"99SZyjVxEeW6RApRXdjJPw","dvhTj","Wd_78u-IEeWZLwp0iNGFFQ@4","supplement","LIKE_OR_DISLIKE",e9bc69fa470448f963b034832f2bfb2714e68595,1,1,"supplementContext~99SZyjVxEeW6RApRXdjJPw!~dvhTj!~Wd_78u-IEeWZLwp0iNGFFQ@4",2016-05-16 22:22:40.596
"99SZyjVxEeW6RApRXdjJPw","egfcs","s8iXP9p-EeWAPg7Cb90FGw","lecture","LIKE_OR_DISLIKE",8dafb0039be4b721211daf3906947f0d1703af6f,1,1,"lectureContext~99SZyjVxEeW6RApRXdjJPw!~egfcs!~s8iXP9p-EeWAPg7Cb90FGw",2016-04-16 22:04:35.067
"99SZyjVxEeW6RApRXdjJPw","egfcs","s8iXP9p-EeWAPg7Cb90FGw","lecture","LIKE_OR_DISLIKE",72475792bfdb24a92308665b5b921ca55663a9d3,1,1,"lectureContext~99SZyjVxEeW6RApRXdjJPw!~egfcs!~s8iXP9p-EeWAPg7Cb90FGw",2016-03-31 23:01:43.367
"99SZyjVxEeW6RApRXdjJPw","egfcs","s8iXP9p-EeWAPg7Cb90FGw","lecture","LIKE_OR_DISLIKE",0d85d0f7f4805934f61fb04165638a2878fb98a0,1,1,"lectureContext~99SZyjVxEeW6RApRXdjJPw!~egfcs!~s8iXP9p-EeWAPg7Cb90FGw",2016-04-12 19:13:49.947
"99SZyjVxEeW6RApRXdjJPw","egfcs","s8iXP9p-EeWAPg7Cb90FGw","lecture","LIKE_OR_DISLIKE",d4ac7e61469fc82750861aa3176a4fc3a35d1533,1,1,"lectureContext~99SZyjVxEeW6RApRXdjJPw!~egfcs!~s8iXP9p-EeWAPg7Cb90FGw",2016-06-09 01:36:32.553
"99SZyjVxEeW6RApRXdjJPw","fFMh9","dn6ZfdEIEeWR0RIE1vRpDw@8","peerAssignment","LIKE_OR_DISLIKE",8dafb0039be4b721211daf3906947f0d1703af6f,1,1,"peerAssignmentContext~99SZyjVxEeW6RApRXdjJPw!~fFMh9!~dn6ZfdEIEeWR0RIE1vRpDw@8",2016-04-25 00:38:57.107
"99SZyjVxEeW6RApRXdjJPw","fFMh9","dn6ZfdEIEeWR0RIE1vRpDw@13","peerAssignment","LIKE_OR_DISLIKE",f39abd3179541137c3b7e6e0c4d243e1575d4c49,1,1,"peerAssignmentContext~99SZyjVxEeW6RApRXdjJPw!~fFMh9!~dn6ZfdEIEeWR0RIE1vRpDw@13",2016-06-25 14:46:09.649
"99SZyjVxEeW6RApRXdjJPw","guCCo","pPYD0t5ZEeWCsRLd3xAYCQ","lecture","LIKE_OR_DISLIKE",8dafb0039be4b721211daf3906947f0d1703af6f,1,1,"lectureContext~99SZyjVxEeW6RApRXdjJPw!~guCCo!~pPYD0t5ZEeWCsRLd3xAYCQ",2016-03-23 23:23:22.895
"99SZyjVxEeW6RApRXdjJPw","guCCo","pPYD0t5ZEeWCsRLd3xAYCQ","lecture","LIKE_OR_DISLIKE",72475792bfdb24a92308665b5b921ca55663a9d3,1,1,"lectureContext~99SZyjVxEeW6RApRXdjJPw!~guCCo!~pPYD0t5ZEeWCsRLd3xAYCQ",2016-03-23 22:11:39.413
"99SZyjVxEeW6RApRXdjJPw","guCCo","pPYD0t5ZEeWCsRLd3xAYCQ","lecture","LIKE_OR_DISLIKE",24b19143b19bd7d80cc1588f2fed957c94d243b4,1,1,"lectureContext~99SZyjVxEeW6RApRXdjJPw!~guCCo!~pPYD0t5ZEeWCsRLd3xAYCQ",2016-03-26 23:10:23.26
"99SZyjVxEeW6RApRXdjJPw","guCCo","pPYD0t5ZEeWCsRLd3xAYCQ","lecture","LIKE_OR_DISLIKE",57c790f8849d2d046ee207e236a00bc7f17644bd,1,1,"lectureContext~99SZyjVxEeW6RApRXdjJPw!~guCCo!~pPYD0t5ZEeWCsRLd3xAYCQ",2016-03-22 10:14:07.783
"99SZyjVxEeW6RApRXdjJPw","guCCo","pPYD0t5ZEeWCsRLd3xAYCQ","lecture","LIKE_OR_DISLIKE",b9dcca5a033b17a016881181802d898ec2ea5e7c,1,1,"lectureContext~99SZyjVxEeW6RApRXdjJPw!~guCCo!~pPYD0t5ZEeWCsRLd3xAYCQ",2016-05-13 16:18:42.945
"99SZyjVxEeW6RApRXdjJPw","iVATJ","5KL7-Bt8Eearxg6SdqZTGw@2","supplement","LIKE_OR_DISLIKE",0f7427f438870c65ad5f33c0ddbc913abf0f0264,1,1,"supplementContext~99SZyjVxEeW6RApRXdjJPw!~iVATJ!~5KL7-Bt8Eearxg6SdqZTGw@2",2016-05-18 10:14:32.618
"99SZyjVxEeW6RApRXdjJPw","iVUCC","HmJSot54EeWyYg6o_LFSMw","lecture","LIKE_OR_DISLIKE",8dafb0039be4b721211daf3906947f0d1703af6f,1,1,"lectureContext~99SZyjVxEeW6RApRXdjJPw!~iVUCC!~HmJSot54EeWyYg6o_LFSMw",2016-04-16 21:56:43.609
"99SZyjVxEeW6RApRXdjJPw","iVUCC","HmJSot54EeWyYg6o_LFSMw","lecture","LIKE_OR_DISLIKE",d4ac7e61469fc82750861aa3176a4fc3a35d1533,1,1,"lectureContext~99SZyjVxEeW6RApRXdjJPw!~iVUCC!~HmJSot54EeWyYg6o_LFSMw",2016-06-09 01:28:32.927
"99SZyjVxEeW6RApRXdjJPw","jDnF8","25sis86eEeWljg6vNXStKQ@5","peerAssignment","LIKE_OR_DISLIKE",8dafb0039be4b721211daf3906947f0d1703af6f,1,1,"peerAssignmentContext~99SZyjVxEeW6RApRXdjJPw!~jDnF8!~25sis86eEeWljg6vNXStKQ@5",2016-04-11 02:34:27.062
"99SZyjVxEeW6RApRXdjJPw","jDnF8","25sis86eEeWljg6vNXStKQ@5","peerAssignment","LIKE_OR_DISLIKE",ec593e51069233e7943dec0a84309f20b255a364,1,1,"peerAssignmentContext~99SZyjVxEeW6RApRXdjJPw!~jDnF8!~25sis86eEeWljg6vNXStKQ@5",2016-04-11 04:05:28.685
"99SZyjVxEeW6RApRXdjJPw","jDnF8","25sis86eEeWljg6vNXStKQ@6","peerAssignment","LIKE_OR_DISLIKE",b9dcca5a033b17a016881181802d898ec2ea5e7c,1,1,"peerAssignmentContext~99SZyjVxEeW6RApRXdjJPw!~jDnF8!~25sis86eEeWljg6vNXStKQ@6",2016-06-05 18:05:36.458
"99SZyjVxEeW6RApRXdjJPw","jDnF8","25sis86eEeWljg6vNXStKQ@5","peerAssignment","LIKE_OR_DISLIKE",ec7b8154080666ec59f6bc0071c899f24ebfd3d2,1,1,"peerAssignmentContext~99SZyjVxEeW6RApRXdjJPw!~jDnF8!~25sis86eEeWljg6vNXStKQ@5",2016-04-08 22:49:32.536
"99SZyjVxEeW6RApRXdjJPw","jDnF8","25sis86eEeWljg6vNXStKQ@6","peerAssignment","LIKE_OR_DISLIKE",e9bc69fa470448f963b034832f2bfb2714e68595,0,1,"peerAssignmentContext~99SZyjVxEeW6RApRXdjJPw!~jDnF8!~25sis86eEeWljg6vNXStKQ@6",2016-06-05 01:39:15.791
"99SZyjVxEeW6RApRXdjJPw","jrnL9","Y-FPPNmWEeWGdQ5cLtP3XQ@11","supplement","LIKE_OR_DISLIKE",8dafb0039be4b721211daf3906947f0d1703af6f,1,1,"supplementContext~99SZyjVxEeW6RApRXdjJPw!~jrnL9!~Y-FPPNmWEeWGdQ5cLtP3XQ@11",2016-03-23 23:53:22.087
"99SZyjVxEeW6RApRXdjJPw","jrnL9","Y-FPPNmWEeWGdQ5cLtP3XQ@11","supplement","LIKE_OR_DISLIKE",72475792bfdb24a92308665b5b921ca55663a9d3,1,1,"supplementContext~99SZyjVxEeW6RApRXdjJPw!~jrnL9!~Y-FPPNmWEeWGdQ5cLtP3XQ@11",2016-03-23 23:10:23.735
"99SZyjVxEeW6RApRXdjJPw","jrnL9","Y-FPPNmWEeWGdQ5cLtP3XQ@11","supplement","LIKE_OR_DISLIKE",78df4876e2ad428a0d5591969a6fa746a7ed5fbd,1,1,"supplementContext~99SZyjVxEeW6RApRXdjJPw!~jrnL9!~Y-FPPNmWEeWGdQ5cLtP3XQ@11",2016-03-22 23:24:56.661
"99SZyjVxEeW6RApRXdjJPw","jrnL9","Y-FPPNmWEeWGdQ5cLtP3XQ@11","supplement","LIKE_OR_DISLIKE",22550fb6f0e1634eb910769e43d8b00bdcf3b878,1,1,"supplementContext~99SZyjVxEeW6RApRXdjJPw!~jrnL9!~Y-FPPNmWEeWGdQ5cLtP3XQ@11",2016-03-22 20:45:58.242
"99SZyjVxEeW6RApRXdjJPw","jrnL9","Y-FPPNmWEeWGdQ5cLtP3XQ@11","supplement","LIKE_OR_DISLIKE",19a0a3a046cb3643e72582a2fec64466508d89fe,1,1,"supplementContext~99SZyjVxEeW6RApRXdjJPw!~jrnL9!~Y-FPPNmWEeWGdQ5cLtP3XQ@11",2016-03-29 13:42:44.077
"99SZyjVxEeW6RApRXdjJPw","jvqt4","kQvpTd6NEeWyJBK4F84_aQ","lecture","LIKE_OR_DISLIKE",8dafb0039be4b721211daf3906947f0d1703af6f,1,1,"lectureContext~99SZyjVxEeW6RApRXdjJPw!~jvqt4!~kQvpTd6NEeWyJBK4F84_aQ",2016-04-25 00:21:09.465
"99SZyjVxEeW6RApRXdjJPw","lRHE2","4qyWSs6NEeWzWQ7wuWBg7Q@6","peerAssignment","LIKE_OR_DISLIKE",8dafb0039be4b721211daf3906947f0d1703af6f,1,1,"peerAssignmentContext~99SZyjVxEeW6RApRXdjJPw!~lRHE2!~4qyWSs6NEeWzWQ7wuWBg7Q@6",2016-04-03 21:00:07.283
"99SZyjVxEeW6RApRXdjJPw","lRHE2","4qyWSs6NEeWzWQ7wuWBg7Q@6","peerAssignment","LIKE_OR_DISLIKE",ec593e51069233e7943dec0a84309f20b255a364,1,1,"peerAssignmentContext~99SZyjVxEeW6RApRXdjJPw!~lRHE2!~4qyWSs6NEeWzWQ7wuWBg7Q@6",2016-04-03 02:50:55.38
"99SZyjVxEeW6RApRXdjJPw","lRHE2","4qyWSs6NEeWzWQ7wuWBg7Q@7","peerAssignment","LIKE_OR_DISLIKE",0f7427f438870c65ad5f33c0ddbc913abf0f0264,1,1,"peerAssignmentContext~99SZyjVxEeW6RApRXdjJPw!~lRHE2!~4qyWSs6NEeWzWQ7wuWBg7Q@7",2016-05-27 08:03:59.877
"99SZyjVxEeW6RApRXdjJPw","lRHE2","4qyWSs6NEeWzWQ7wuWBg7Q@7","peerAssignment","LIKE_OR_DISLIKE",b9dcca5a033b17a016881181802d898ec2ea5e7c,1,1,"peerAssignmentContext~99SZyjVxEeW6RApRXdjJPw!~lRHE2!~4qyWSs6NEeWzWQ7wuWBg7Q@7",2016-05-27 20:21:23.917
"99SZyjVxEeW6RApRXdjJPw","lp9qN","_BNEDNqDEeWNPApfY59gSw@13","supplement","LIKE_OR_DISLIKE",8dafb0039be4b721211daf3906947f0d1703af6f,1,1,"supplementContext~99SZyjVxEeW6RApRXdjJPw!~lp9qN!~_BNEDNqDEeWNPApfY59gSw@13",2016-04-18 00:34:13.849
"99SZyjVxEeW6RApRXdjJPw","lp9qN","_BNEDNqDEeWNPApfY59gSw@13","supplement","LIKE_OR_DISLIKE",c6243f697d977a71a34acebee8621bc51d31af92,1,1,"supplementContext~99SZyjVxEeW6RApRXdjJPw!~lp9qN!~_BNEDNqDEeWNPApfY59gSw@13",2016-04-16 11:49:15.772
"99SZyjVxEeW6RApRXdjJPw","lp9qN","_BNEDNqDEeWNPApfY59gSw@13","supplement","LIKE_OR_DISLIKE",3e40842af5518464dfb704c6b11c244755e9ea4f,1,1,"supplementContext~99SZyjVxEeW6RApRXdjJPw!~lp9qN!~_BNEDNqDEeWNPApfY59gSw@13",2016-04-17 10:15:50.096
"99SZyjVxEeW6RApRXdjJPw","lp9qN","_BNEDNqDEeWNPApfY59gSw@13","supplement","LIKE_OR_DISLIKE",22550fb6f0e1634eb910769e43d8b00bdcf3b878,1,1,"supplementContext~99SZyjVxEeW6RApRXdjJPw!~lp9qN!~_BNEDNqDEeWNPApfY59gSw@13",2016-04-04 22:05:31.354
"99SZyjVxEeW6RApRXdjJPw","lp9qN","_BNEDNqDEeWNPApfY59gSw@13","supplement","LIKE_OR_DISLIKE",e9bc69fa470448f963b034832f2bfb2714e68595,1,1,"supplementContext~99SZyjVxEeW6RApRXdjJPw!~lp9qN!~_BNEDNqDEeWNPApfY59gSw@13",2016-06-13 01:05:44.049
"99SZyjVxEeW6RApRXdjJPw","mB7aQ","C0Qz6NGrEeWlfA7f_IUrbw@4","supplement","LIKE_OR_DISLIKE",a6ffd5da0cba5fbe458c48c82554e12874014ad3,1,1,"supplementContext~99SZyjVxEeW6RApRXdjJPw!~mB7aQ!~C0Qz6NGrEeWlfA7f_IUrbw@4",2016-03-22 10:42:12.859
"99SZyjVxEeW6RApRXdjJPw","mB7aQ","C0Qz6NGrEeWlfA7f_IUrbw@5","supplement","LIKE_OR_DISLIKE",8dafb0039be4b721211daf3906947f0d1703af6f,1,1,"supplementContext~99SZyjVxEeW6RApRXdjJPw!~mB7aQ!~C0Qz6NGrEeWlfA7f_IUrbw@5",2016-03-23 15:43:18.537
"99SZyjVxEeW6RApRXdjJPw","mB7aQ","C0Qz6NGrEeWlfA7f_IUrbw@5","supplement","LIKE_OR_DISLIKE",738b6443040197db86d87003f0766219b4509b4d,1,1,"supplementContext~99SZyjVxEeW6RApRXdjJPw!~mB7aQ!~C0Qz6NGrEeWlfA7f_IUrbw@5",2016-04-08 14:33:40.419
"99SZyjVxEeW6RApRXdjJPw","mB7aQ","C0Qz6NGrEeWlfA7f_IUrbw@5","supplement","LIKE_OR_DISLIKE",7103b032d8716bd9e85ed5646e5b45b455e30121,1,1,"supplementContext~99SZyjVxEeW6RApRXdjJPw!~mB7aQ!~C0Qz6NGrEeWlfA7f_IUrbw@5",2016-03-28 04:03:10.466
"99SZyjVxEeW6RApRXdjJPw","mB7aQ","C0Qz6NGrEeWlfA7f_IUrbw@5","supplement","LIKE_OR_DISLIKE",db814260f8f8918bd5b9aeeba82045c96c503117,1,1,"supplementContext~99SZyjVxEeW6RApRXdjJPw!~mB7aQ!~C0Qz6NGrEeWlfA7f_IUrbw@5",2016-05-16 19:16:44.179
"99SZyjVxEeW6RApRXdjJPw","mB7aQ","C0Qz6NGrEeWlfA7f_IUrbw@4","supplement","LIKE_OR_DISLIKE",ec593e51069233e7943dec0a84309f20b255a364,1,1,"supplementContext~99SZyjVxEeW6RApRXdjJPw!~mB7aQ!~C0Qz6NGrEeWlfA7f_IUrbw@4",2016-03-21 23:02:28.809
"99SZyjVxEeW6RApRXdjJPw","mB7aQ","C0Qz6NGrEeWlfA7f_IUrbw@5","supplement","LIKE_OR_DISLIKE",5ce04d39a7d1fcd6a6df329f13442cf3859dff0c,1,1,"supplementContext~99SZyjVxEeW6RApRXdjJPw!~mB7aQ!~C0Qz6NGrEeWlfA7f_IUrbw@5",2016-03-28 18:08:35.123
"99SZyjVxEeW6RApRXdjJPw","mB7aQ","C0Qz6NGrEeWlfA7f_IUrbw@5","supplement","LIKE_OR_DISLIKE",c697456a31c4e96b23c643f70525029755941e7e,1,1,"supplementContext~99SZyjVxEeW6RApRXdjJPw!~mB7aQ!~C0Qz6NGrEeWlfA7f_IUrbw@5",2016-03-22 15:59:34.004
"99SZyjVxEeW6RApRXdjJPw","mB7aQ","C0Qz6NGrEeWlfA7f_IUrbw@5","supplement","LIKE_OR_DISLIKE",22550fb6f0e1634eb910769e43d8b00bdcf3b878,1,1,"supplementContext~99SZyjVxEeW6RApRXdjJPw!~mB7aQ!~C0Qz6NGrEeWlfA7f_IUrbw@5",2016-03-22 20:24:46.226
"99SZyjVxEeW6RApRXdjJPw","mB7aQ","C0Qz6NGrEeWlfA7f_IUrbw@5","supplement","LIKE_OR_DISLIKE",423da0a811f4f2b580e626a60fe29ac73925c51c,1,1,"supplementContext~99SZyjVxEeW6RApRXdjJPw!~mB7aQ!~C0Qz6NGrEeWlfA7f_IUrbw@5",2016-05-19 04:35:00.525
"99SZyjVxEeW6RApRXdjJPw","mB7aQ","C0Qz6NGrEeWlfA7f_IUrbw@5","supplement","LIKE_OR_DISLIKE",0f7427f438870c65ad5f33c0ddbc913abf0f0264,1,1,"supplementContext~99SZyjVxEeW6RApRXdjJPw!~mB7aQ!~C0Qz6NGrEeWlfA7f_IUrbw@5",2016-05-18 10:17:49.916
"99SZyjVxEeW6RApRXdjJPw","mB7aQ","C0Qz6NGrEeWlfA7f_IUrbw@5","supplement","LIKE_OR_DISLIKE",b9dcca5a033b17a016881181802d898ec2ea5e7c,1,1,"supplementContext~99SZyjVxEeW6RApRXdjJPw!~mB7aQ!~C0Qz6NGrEeWlfA7f_IUrbw@5",2016-05-16 16:21:42.694
"99SZyjVxEeW6RApRXdjJPw","mB7aQ","C0Qz6NGrEeWlfA7f_IUrbw@5","supplement","LIKE_OR_DISLIKE",19a0a3a046cb3643e72582a2fec64466508d89fe,1,1,"supplementContext~99SZyjVxEeW6RApRXdjJPw!~mB7aQ!~C0Qz6NGrEeWlfA7f_IUrbw@5",2016-03-29 11:23:25.511
"99SZyjVxEeW6RApRXdjJPw","mB7aQ","C0Qz6NGrEeWlfA7f_IUrbw@5","supplement","LIKE_OR_DISLIKE",e9bc69fa470448f963b034832f2bfb2714e68595,1,1,"supplementContext~99SZyjVxEeW6RApRXdjJPw!~mB7aQ!~C0Qz6NGrEeWlfA7f_IUrbw@5",2016-05-16 22:26:55.622
"99SZyjVxEeW6RApRXdjJPw","mXFFQ","GmgPmtGuEeWGIhKYWqjAgQ@6","supplement","LIKE_OR_DISLIKE",8dafb0039be4b721211daf3906947f0d1703af6f,1,1,"supplementContext~99SZyjVxEeW6RApRXdjJPw!~mXFFQ!~GmgPmtGuEeWGIhKYWqjAgQ@6",2016-04-04 15:53:19.573
"99SZyjVxEeW6RApRXdjJPw","mXFFQ","GmgPmtGuEeWGIhKYWqjAgQ@6","supplement","LIKE_OR_DISLIKE",bf187642e6d8841d7ab95dc8a9ec596e4e43e07d,1,1,"supplementContext~99SZyjVxEeW6RApRXdjJPw!~mXFFQ!~GmgPmtGuEeWGIhKYWqjAgQ@6",2016-04-09 10:04:36.517
"99SZyjVxEeW6RApRXdjJPw","mXFFQ","GmgPmtGuEeWGIhKYWqjAgQ@6","supplement","LIKE_OR_DISLIKE",22550fb6f0e1634eb910769e43d8b00bdcf3b878,1,1,"supplementContext~99SZyjVxEeW6RApRXdjJPw!~mXFFQ!~GmgPmtGuEeWGIhKYWqjAgQ@6",2016-04-02 00:46:29.523
"99SZyjVxEeW6RApRXdjJPw","mXFFQ","GmgPmtGuEeWGIhKYWqjAgQ@6","supplement","LIKE_OR_DISLIKE",e9bc69fa470448f963b034832f2bfb2714e68595,1,1,"supplementContext~99SZyjVxEeW6RApRXdjJPw!~mXFFQ!~GmgPmtGuEeWGIhKYWqjAgQ@6",2016-06-03 22:47:29.957
"99SZyjVxEeW6RApRXdjJPw","mYyLI","KeSdWtypEeWOUQ4AzfEZ9Q","lecture","LIKE_OR_DISLIKE",8dafb0039be4b721211daf3906947f0d1703af6f,1,1,"lectureContext~99SZyjVxEeW6RApRXdjJPw!~mYyLI!~KeSdWtypEeWOUQ4AzfEZ9Q",2016-03-24 01:00:42.354
"99SZyjVxEeW6RApRXdjJPw","mYyLI","KeSdWtypEeWOUQ4AzfEZ9Q","lecture","LIKE_OR_DISLIKE",eaddc522d656daf7814f5e2765044c2acd482577,1,1,"lectureContext~99SZyjVxEeW6RApRXdjJPw!~mYyLI!~KeSdWtypEeWOUQ4AzfEZ9Q",2016-03-25 12:49:34.741
"99SZyjVxEeW6RApRXdjJPw","mYyLI","KeSdWtypEeWOUQ4AzfEZ9Q","lecture","LIKE_OR_DISLIKE",77c0eafce96a7a4c44df4de1989af9e845e27952,0,1,"lectureContext~99SZyjVxEeW6RApRXdjJPw!~mYyLI!~KeSdWtypEeWOUQ4AzfEZ9Q",2016-03-25 11:11:33.869
"99SZyjVxEeW6RApRXdjJPw","nXRPD","mVyCO-x6EeWiyQ6LEcGObw@4","supplement","LIKE_OR_DISLIKE",a6ffd5da0cba5fbe458c48c82554e12874014ad3,1,1,"supplementContext~99SZyjVxEeW6RApRXdjJPw!~nXRPD!~mVyCO-x6EeWiyQ6LEcGObw@4",2016-03-22 10:38:27.627
"99SZyjVxEeW6RApRXdjJPw","nXRPD","mVyCO-x6EeWiyQ6LEcGObw@4","supplement","LIKE_OR_DISLIKE",8dafb0039be4b721211daf3906947f0d1703af6f,1,1,"supplementContext~99SZyjVxEeW6RApRXdjJPw!~nXRPD!~mVyCO-x6EeWiyQ6LEcGObw@4",2016-03-23 15:09:16.414
"99SZyjVxEeW6RApRXdjJPw","nXRPD","mVyCO-x6EeWiyQ6LEcGObw@4","supplement","LIKE_OR_DISLIKE",72475792bfdb24a92308665b5b921ca55663a9d3,1,1,"supplementContext~99SZyjVxEeW6RApRXdjJPw!~nXRPD!~mVyCO-x6EeWiyQ6LEcGObw@4",2016-03-23 22:25:49.572
"99SZyjVxEeW6RApRXdjJPw","nXRPD","mVyCO-x6EeWiyQ6LEcGObw@4","supplement","LIKE_OR_DISLIKE",52637d943a5b40652de7fbecddcaefdc724a2cde,1,1,"supplementContext~99SZyjVxEeW6RApRXdjJPw!~nXRPD!~mVyCO-x6EeWiyQ6LEcGObw@4",2016-04-26 09:14:19.529
"99SZyjVxEeW6RApRXdjJPw","nXRPD","mVyCO-x6EeWiyQ6LEcGObw@4","supplement","LIKE_OR_DISLIKE",7ff812ef06c34af76e663582e6235b19a70a49eb,1,1,"supplementContext~99SZyjVxEeW6RApRXdjJPw!~nXRPD!~mVyCO-x6EeWiyQ6LEcGObw@4",2016-03-22 08:37:55.633
"99SZyjVxEeW6RApRXdjJPw","nXRPD","mVyCO-x6EeWiyQ6LEcGObw@4","supplement","LIKE_OR_DISLIKE",7103b032d8716bd9e85ed5646e5b45b455e30121,1,1,"supplementContext~99SZyjVxEeW6RApRXdjJPw!~nXRPD!~mVyCO-x6EeWiyQ6LEcGObw@4",2016-03-28 03:58:49.618
"99SZyjVxEeW6RApRXdjJPw","nXRPD","mVyCO-x6EeWiyQ6LEcGObw@4","supplement","LIKE_OR_DISLIKE",c8f34b260ed9ef7dcca6d24663a289a18589af63,1,1,"supplementContext~99SZyjVxEeW6RApRXdjJPw!~nXRPD!~mVyCO-x6EeWiyQ6LEcGObw@4",2016-05-16 09:25:16.838
"99SZyjVxEeW6RApRXdjJPw","nXRPD","mVyCO-x6EeWiyQ6LEcGObw@4","supplement","LIKE_OR_DISLIKE",e939fa49ed208d249bbdd8a50eb7b17ae9df5f78,1,1,"supplementContext~99SZyjVxEeW6RApRXdjJPw!~nXRPD!~mVyCO-x6EeWiyQ6LEcGObw@4",2016-03-23 12:50:49.449
"99SZyjVxEeW6RApRXdjJPw","nXRPD","mVyCO-x6EeWiyQ6LEcGObw@5","supplement","LIKE_OR_DISLIKE",db814260f8f8918bd5b9aeeba82045c96c503117,1,1,"supplementContext~99SZyjVxEeW6RApRXdjJPw!~nXRPD!~mVyCO-x6EeWiyQ6LEcGObw@5",2016-05-16 19:06:13.24
"99SZyjVxEeW6RApRXdjJPw","nXRPD","mVyCO-x6EeWiyQ6LEcGObw@4","supplement","LIKE_OR_DISLIKE",24b19143b19bd7d80cc1588f2fed957c94d243b4,1,1,"supplementContext~99SZyjVxEeW6RApRXdjJPw!~nXRPD!~mVyCO-x6EeWiyQ6LEcGObw@4",2016-03-23 20:12:42.464
"99SZyjVxEeW6RApRXdjJPw","nXRPD","mVyCO-x6EeWiyQ6LEcGObw@4","supplement","LIKE_OR_DISLIKE",ec593e51069233e7943dec0a84309f20b255a364,1,1,"supplementContext~99SZyjVxEeW6RApRXdjJPw!~nXRPD!~mVyCO-x6EeWiyQ6LEcGObw@4",2016-03-21 22:44:52.86
"99SZyjVxEeW6RApRXdjJPw","nXRPD","mVyCO-x6EeWiyQ6LEcGObw@4","supplement","LIKE_OR_DISLIKE",57c790f8849d2d046ee207e236a00bc7f17644bd,1,1,"supplementContext~99SZyjVxEeW6RApRXdjJPw!~nXRPD!~mVyCO-x6EeWiyQ6LEcGObw@4",2016-03-22 10:17:33.019
"99SZyjVxEeW6RApRXdjJPw","nXRPD","mVyCO-x6EeWiyQ6LEcGObw@4","supplement","LIKE_OR_DISLIKE",310b5c91a83ab2e4261b767ef2710875dbf08774,1,1,"supplementContext~99SZyjVxEeW6RApRXdjJPw!~nXRPD!~mVyCO-x6EeWiyQ6LEcGObw@4",2016-03-22 16:23:59.382
"99SZyjVxEeW6RApRXdjJPw","nXRPD","mVyCO-x6EeWiyQ6LEcGObw@4","supplement","LIKE_OR_DISLIKE",22550fb6f0e1634eb910769e43d8b00bdcf3b878,1,1,"supplementContext~99SZyjVxEeW6RApRXdjJPw!~nXRPD!~mVyCO-x6EeWiyQ6LEcGObw@4",2016-03-22 20:06:08.013
"99SZyjVxEeW6RApRXdjJPw","nXRPD","mVyCO-x6EeWiyQ6LEcGObw@5","supplement","LIKE_OR_DISLIKE",423da0a811f4f2b580e626a60fe29ac73925c51c,1,1,"supplementContext~99SZyjVxEeW6RApRXdjJPw!~nXRPD!~mVyCO-x6EeWiyQ6LEcGObw@5",2016-05-19 04:30:55.056
"99SZyjVxEeW6RApRXdjJPw","nXRPD","mVyCO-x6EeWiyQ6LEcGObw@4","supplement","LIKE_OR_DISLIKE",0f7427f438870c65ad5f33c0ddbc913abf0f0264,1,1,"supplementContext~99SZyjVxEeW6RApRXdjJPw!~nXRPD!~mVyCO-x6EeWiyQ6LEcGObw@4",2016-05-16 06:22:29.329
"99SZyjVxEeW6RApRXdjJPw","nXRPD","mVyCO-x6EeWiyQ6LEcGObw@4","supplement","LIKE_OR_DISLIKE",4a0d9c25d3d8e3fe0b319aa0e1840255bb06ceb4,1,1,"supplementContext~99SZyjVxEeW6RApRXdjJPw!~nXRPD!~mVyCO-x6EeWiyQ6LEcGObw@4",2016-03-21 18:21:41.825
"99SZyjVxEeW6RApRXdjJPw","nXRPD","mVyCO-x6EeWiyQ6LEcGObw@4","supplement","LIKE_OR_DISLIKE",ec7b8154080666ec59f6bc0071c899f24ebfd3d2,1,1,"supplementContext~99SZyjVxEeW6RApRXdjJPw!~nXRPD!~mVyCO-x6EeWiyQ6LEcGObw@4",2016-03-22 03:23:25.268
"99SZyjVxEeW6RApRXdjJPw","plJIh","zdSLw9TREeWGIhKYWqjAgQ@12","supplement","LIKE_OR_DISLIKE",8dafb0039be4b721211daf3906947f0d1703af6f,1,1,"supplementContext~99SZyjVxEeW6RApRXdjJPw!~plJIh!~zdSLw9TREeWGIhKYWqjAgQ@12",2016-04-19 14:01:49.429
"99SZyjVxEeW6RApRXdjJPw","plJIh","zdSLw9TREeWGIhKYWqjAgQ@8","supplement","LIKE_OR_DISLIKE",72475792bfdb24a92308665b5b921ca55663a9d3,1,1,"supplementContext~99SZyjVxEeW6RApRXdjJPw!~plJIh!~zdSLw9TREeWGIhKYWqjAgQ@8",2016-04-02 04:03:10.267
"99SZyjVxEeW6RApRXdjJPw","q0yAj","dGK4i9AXEeWJ8go9jrGl7Q@6","peerAssignment","LIKE_OR_DISLIKE",8dafb0039be4b721211daf3906947f0d1703af6f,1,1,"peerAssignmentContext~99SZyjVxEeW6RApRXdjJPw!~q0yAj!~dGK4i9AXEeWJ8go9jrGl7Q@6",2016-04-18 00:08:57.098
"99SZyjVxEeW6RApRXdjJPw","q0yAj","dGK4i9AXEeWJ8go9jrGl7Q@6","peerAssignment","LIKE_OR_DISLIKE",c6243f697d977a71a34acebee8621bc51d31af92,1,1,"peerAssignmentContext~99SZyjVxEeW6RApRXdjJPw!~q0yAj!~dGK4i9AXEeWJ8go9jrGl7Q@6",2016-04-16 09:26:48.377
"99SZyjVxEeW6RApRXdjJPw","q0yAj","dGK4i9AXEeWJ8go9jrGl7Q@6","peerAssignment","LIKE_OR_DISLIKE",ec593e51069233e7943dec0a84309f20b255a364,1,1,"peerAssignmentContext~99SZyjVxEeW6RApRXdjJPw!~q0yAj!~dGK4i9AXEeWJ8go9jrGl7Q@6",2016-04-16 00:35:11.615
"99SZyjVxEeW6RApRXdjJPw","q0yAj","dGK4i9AXEeWJ8go9jrGl7Q@7","peerAssignment","LIKE_OR_DISLIKE",d4ac7e61469fc82750861aa3176a4fc3a35d1533,1,1,"peerAssignmentContext~99SZyjVxEeW6RApRXdjJPw!~q0yAj!~dGK4i9AXEeWJ8go9jrGl7Q@7",2016-06-10 00:05:17.596
"99SZyjVxEeW6RApRXdjJPw","q0yAj","dGK4i9AXEeWJ8go9jrGl7Q@6","peerAssignment","LIKE_OR_DISLIKE",19a0a3a046cb3643e72582a2fec64466508d89fe,1,1,"peerAssignmentContext~99SZyjVxEeW6RApRXdjJPw!~q0yAj!~dGK4i9AXEeWJ8go9jrGl7Q@6",2016-04-13 10:04:05.526
"99SZyjVxEeW6RApRXdjJPw","qfUD4","F1ZSyNmMEeWdIgr37d1Ygw@13","supplement","LIKE_OR_DISLIKE",a6ffd5da0cba5fbe458c48c82554e12874014ad3,1,1,"supplementContext~99SZyjVxEeW6RApRXdjJPw!~qfUD4!~F1ZSyNmMEeWdIgr37d1Ygw@13",2016-03-22 15:11:10.868
"99SZyjVxEeW6RApRXdjJPw","qfUD4","F1ZSyNmMEeWdIgr37d1Ygw@13","supplement","LIKE_OR_DISLIKE",92d4e2a44fff2f21d33c9996ac60dcb51e032468,1,1,"supplementContext~99SZyjVxEeW6RApRXdjJPw!~qfUD4!~F1ZSyNmMEeWdIgr37d1Ygw@13",2016-03-22 12:13:47.914
"99SZyjVxEeW6RApRXdjJPw","qfUD4","F1ZSyNmMEeWdIgr37d1Ygw@13","supplement","LIKE_OR_DISLIKE",8dafb0039be4b721211daf3906947f0d1703af6f,1,1,"supplementContext~99SZyjVxEeW6RApRXdjJPw!~qfUD4!~F1ZSyNmMEeWdIgr37d1Ygw@13",2016-03-23 15:44:12.531
"99SZyjVxEeW6RApRXdjJPw","qfUD4","F1ZSyNmMEeWdIgr37d1Ygw@13","supplement","LIKE_OR_DISLIKE",72475792bfdb24a92308665b5b921ca55663a9d3,1,1,"supplementContext~99SZyjVxEeW6RApRXdjJPw!~qfUD4!~F1ZSyNmMEeWdIgr37d1Ygw@13",2016-03-23 23:10:20.906
"99SZyjVxEeW6RApRXdjJPw","qfUD4","F1ZSyNmMEeWdIgr37d1Ygw@13","supplement","LIKE_OR_DISLIKE",eb3de082bd9d9ad5b7095d0559e93f7b39d46e0b,1,1,"supplementContext~99SZyjVxEeW6RApRXdjJPw!~qfUD4!~F1ZSyNmMEeWdIgr37d1Ygw@13",2016-03-22 22:43:24.778
"99SZyjVxEeW6RApRXdjJPw","qfUD4","F1ZSyNmMEeWdIgr37d1Ygw@13","supplement","LIKE_OR_DISLIKE",f1453bbd6aaccd3fc1358d3037bb5375d8c03b5c,1,1,"supplementContext~99SZyjVxEeW6RApRXdjJPw!~qfUD4!~F1ZSyNmMEeWdIgr37d1Ygw@13",2016-05-18 04:52:44.942
"99SZyjVxEeW6RApRXdjJPw","qfUD4","F1ZSyNmMEeWdIgr37d1Ygw@13","supplement","LIKE_OR_DISLIKE",e1c9324c1294d8fe6ebec28996471665e1f2613a,1,1,"supplementContext~99SZyjVxEeW6RApRXdjJPw!~qfUD4!~F1ZSyNmMEeWdIgr37d1Ygw@13",2016-03-24 22:46:24.762
"99SZyjVxEeW6RApRXdjJPw","qfUD4","F1ZSyNmMEeWdIgr37d1Ygw@13","supplement","LIKE_OR_DISLIKE",56aad75980786cd1cda3bdeacc681dc9bed0c3dd,1,1,"supplementContext~99SZyjVxEeW6RApRXdjJPw!~qfUD4!~F1ZSyNmMEeWdIgr37d1Ygw@13",2016-07-18 05:48:02.261
"99SZyjVxEeW6RApRXdjJPw","qfUD4","F1ZSyNmMEeWdIgr37d1Ygw@13","supplement","LIKE_OR_DISLIKE",22550fb6f0e1634eb910769e43d8b00bdcf3b878,1,1,"supplementContext~99SZyjVxEeW6RApRXdjJPw!~qfUD4!~F1ZSyNmMEeWdIgr37d1Ygw@13",2016-03-22 20:34:13.924
"99SZyjVxEeW6RApRXdjJPw","qfUD4","F1ZSyNmMEeWdIgr37d1Ygw@13","supplement","LIKE_OR_DISLIKE",cc1408642ddc68fb1b2e68a0173b1dbfe67aa7e8,1,1,"supplementContext~99SZyjVxEeW6RApRXdjJPw!~qfUD4!~F1ZSyNmMEeWdIgr37d1Ygw@13",2016-03-22 20:58:06.309
"99SZyjVxEeW6RApRXdjJPw","qfUD4","F1ZSyNmMEeWdIgr37d1Ygw@13","supplement","LIKE_OR_DISLIKE",ec7b8154080666ec59f6bc0071c899f24ebfd3d2,1,1,"supplementContext~99SZyjVxEeW6RApRXdjJPw!~qfUD4!~F1ZSyNmMEeWdIgr37d1Ygw@13",2016-03-22 04:00:53.048
"99SZyjVxEeW6RApRXdjJPw","qfUD4","F1ZSyNmMEeWdIgr37d1Ygw@13","supplement","LIKE_OR_DISLIKE",e9bc69fa470448f963b034832f2bfb2714e68595,1,1,"supplementContext~99SZyjVxEeW6RApRXdjJPw!~qfUD4!~F1ZSyNmMEeWdIgr37d1Ygw@13",2016-05-16 22:56:17.744
"99SZyjVxEeW6RApRXdjJPw","qwTwT","_J7Vc96REeWfpQpuCYOMAw","lecture","LIKE_OR_DISLIKE",6e268ded726e1e8c1bf8697e2d3cea0b5355c3d5,1,1,"lectureContext~99SZyjVxEeW6RApRXdjJPw!~qwTwT!~_J7Vc96REeWfpQpuCYOMAw",2016-04-15 08:40:22.312
"99SZyjVxEeW6RApRXdjJPw","qwTwT","_J7Vc96REeWfpQpuCYOMAw","lecture","LIKE_OR_DISLIKE",8dafb0039be4b721211daf3906947f0d1703af6f,1,1,"lectureContext~99SZyjVxEeW6RApRXdjJPw!~qwTwT!~_J7Vc96REeWfpQpuCYOMAw",2016-04-25 00:23:37.193
"99SZyjVxEeW6RApRXdjJPw","r9zkF","LzQdNt5cEeWCsRLd3xAYCQ","lecture","LIKE_OR_DISLIKE",8dafb0039be4b721211daf3906947f0d1703af6f,1,1,"lectureContext~99SZyjVxEeW6RApRXdjJPw!~r9zkF!~LzQdNt5cEeWCsRLd3xAYCQ",2016-04-03 21:01:09.268
"99SZyjVxEeW6RApRXdjJPw","rVbki","7Q1-atGtEeWekAqisec5Cw@7","supplement","LIKE_OR_DISLIKE",8dafb0039be4b721211daf3906947f0d1703af6f,1,1,"supplementContext~99SZyjVxEeW6RApRXdjJPw!~rVbki!~7Q1-atGtEeWekAqisec5Cw@7",2016-04-04 15:52:09.448
"99SZyjVxEeW6RApRXdjJPw","rVbki","7Q1-atGtEeWekAqisec5Cw@7","supplement","LIKE_OR_DISLIKE",c6243f697d977a71a34acebee8621bc51d31af92,1,1,"supplementContext~99SZyjVxEeW6RApRXdjJPw!~rVbki!~7Q1-atGtEeWekAqisec5Cw@7",2016-04-16 05:44:49.104
"99SZyjVxEeW6RApRXdjJPw","rVbki","7Q1-atGtEeWekAqisec5Cw@7","supplement","LIKE_OR_DISLIKE",72475792bfdb24a92308665b5b921ca55663a9d3,1,1,"supplementContext~99SZyjVxEeW6RApRXdjJPw!~rVbki!~7Q1-atGtEeWekAqisec5Cw@7",2016-03-29 01:13:32.286
"99SZyjVxEeW6RApRXdjJPw","rVbki","7Q1-atGtEeWekAqisec5Cw@7","supplement","LIKE_OR_DISLIKE",bf187642e6d8841d7ab95dc8a9ec596e4e43e07d,1,1,"supplementContext~99SZyjVxEeW6RApRXdjJPw!~rVbki!~7Q1-atGtEeWekAqisec5Cw@7",2016-04-09 10:02:49.748
"99SZyjVxEeW6RApRXdjJPw","rVbki","7Q1-atGtEeWekAqisec5Cw@7","supplement","LIKE_OR_DISLIKE",22550fb6f0e1634eb910769e43d8b00bdcf3b878,1,1,"supplementContext~99SZyjVxEeW6RApRXdjJPw!~rVbki!~7Q1-atGtEeWekAqisec5Cw@7",2016-04-02 00:46:01.626
"99SZyjVxEeW6RApRXdjJPw","rVbki","7Q1-atGtEeWekAqisec5Cw@7","supplement","LIKE_OR_DISLIKE",98500fc3c49706fa7acac12f91f1b57941035f74,1,1,"supplementContext~99SZyjVxEeW6RApRXdjJPw!~rVbki!~7Q1-atGtEeWekAqisec5Cw@7",2016-04-15 22:08:16.537
"99SZyjVxEeW6RApRXdjJPw","rVbki","7Q1-atGtEeWekAqisec5Cw@7","supplement","LIKE_OR_DISLIKE",e9bc69fa470448f963b034832f2bfb2714e68595,1,1,"supplementContext~99SZyjVxEeW6RApRXdjJPw!~rVbki!~7Q1-atGtEeWekAqisec5Cw@7",2016-06-03 22:45:56.471
"99SZyjVxEeW6RApRXdjJPw","rxVJw","M4JCVNGtEeW2uA5c0DBwRQ@5","supplement","LIKE_OR_DISLIKE",8dafb0039be4b721211daf3906947f0d1703af6f,1,1,"supplementContext~99SZyjVxEeW6RApRXdjJPw!~rxVJw!~M4JCVNGtEeW2uA5c0DBwRQ@5",2016-04-11 01:31:54.073
"99SZyjVxEeW6RApRXdjJPw","sEgA8","gIskRtTLEeW4tgq7X49Qnw@5","supplement","LIKE_OR_DISLIKE",c6243f697d977a71a34acebee8621bc51d31af92,1,1,"supplementContext~99SZyjVxEeW6RApRXdjJPw!~sEgA8!~gIskRtTLEeW4tgq7X49Qnw@5",2016-04-16 06:42:59.485
"99SZyjVxEeW6RApRXdjJPw","sEgA8","gIskRtTLEeW4tgq7X49Qnw@5","supplement","LIKE_OR_DISLIKE",22550fb6f0e1634eb910769e43d8b00bdcf3b878,1,1,"supplementContext~99SZyjVxEeW6RApRXdjJPw!~sEgA8!~gIskRtTLEeW4tgq7X49Qnw@5",2016-04-02 10:18:09.118
"99SZyjVxEeW6RApRXdjJPw","sEgA8","gIskRtTLEeW4tgq7X49Qnw@5","supplement","LIKE_OR_DISLIKE",e9bc69fa470448f963b034832f2bfb2714e68595,1,1,"supplementContext~99SZyjVxEeW6RApRXdjJPw!~sEgA8!~gIskRtTLEeW4tgq7X49Qnw@5",2016-06-04 20:50:11.735
"99SZyjVxEeW6RApRXdjJPw","sW8gK","8j5xst5wEeW9-RKqhg_Ehw","lecture","LIKE_OR_DISLIKE",a6ffd5da0cba5fbe458c48c82554e12874014ad3,1,1,"lectureContext~99SZyjVxEeW6RApRXdjJPw!~sW8gK!~8j5xst5wEeW9-RKqhg_Ehw",2016-04-10 07:57:23.969
"99SZyjVxEeW6RApRXdjJPw","sW8gK","8j5xst5wEeW9-RKqhg_Ehw","lecture","LIKE_OR_DISLIKE",24b19143b19bd7d80cc1588f2fed957c94d243b4,1,1,"lectureContext~99SZyjVxEeW6RApRXdjJPw!~sW8gK!~8j5xst5wEeW9-RKqhg_Ehw",2016-04-10 18:21:02.837
"99SZyjVxEeW6RApRXdjJPw","sW8gK","8j5xst5wEeW9-RKqhg_Ehw","lecture","LIKE_OR_DISLIKE",d4ac7e61469fc82750861aa3176a4fc3a35d1533,1,1,"lectureContext~99SZyjVxEeW6RApRXdjJPw!~sW8gK!~8j5xst5wEeW9-RKqhg_Ehw",2016-06-06 01:45:41.477
"99SZyjVxEeW6RApRXdjJPw","tL85J","bHUu_tGrEeWGIhKYWqjAgQ@8","supplement","LIKE_OR_DISLIKE",8dafb0039be4b721211daf3906947f0d1703af6f,1,1,"supplementContext~99SZyjVxEeW6RApRXdjJPw!~tL85J!~bHUu_tGrEeWGIhKYWqjAgQ@8",2016-03-23 16:03:39.971
"99SZyjVxEeW6RApRXdjJPw","tL85J","bHUu_tGrEeWGIhKYWqjAgQ@8","supplement","LIKE_OR_DISLIKE",e1c9324c1294d8fe6ebec28996471665e1f2613a,1,1,"supplementContext~99SZyjVxEeW6RApRXdjJPw!~tL85J!~bHUu_tGrEeWGIhKYWqjAgQ@8",2016-03-25 00:51:31.52
"99SZyjVxEeW6RApRXdjJPw","tL85J","bHUu_tGrEeWGIhKYWqjAgQ@8","supplement","LIKE_OR_DISLIKE",22550fb6f0e1634eb910769e43d8b00bdcf3b878,1,1,"supplementContext~99SZyjVxEeW6RApRXdjJPw!~tL85J!~bHUu_tGrEeWGIhKYWqjAgQ@8",2016-03-22 21:06:37.902
"99SZyjVxEeW6RApRXdjJPw","tL85J","bHUu_tGrEeWGIhKYWqjAgQ@8","supplement","LIKE_OR_DISLIKE",19a0a3a046cb3643e72582a2fec64466508d89fe,1,1,"supplementContext~99SZyjVxEeW6RApRXdjJPw!~tL85J!~bHUu_tGrEeWGIhKYWqjAgQ@8",2016-03-29 13:42:34.442
"99SZyjVxEeW6RApRXdjJPw","tL85J","bHUu_tGrEeWGIhKYWqjAgQ@8","supplement","LIKE_OR_DISLIKE",bd8ea5d62d2d53e88ce4205a6ef97ec6cf2a4b62,1,1,"supplementContext~99SZyjVxEeW6RApRXdjJPw!~tL85J!~bHUu_tGrEeWGIhKYWqjAgQ@8",2016-03-22 02:24:37.346
"99SZyjVxEeW6RApRXdjJPw","vG7i3","_RuG4NTKEeWekAqisec5Cw@6","assessment","LIKE_OR_DISLIKE",8dafb0039be4b721211daf3906947f0d1703af6f,1,1,"assessmentContext~99SZyjVxEeW6RApRXdjJPw!~vG7i3!~_RuG4NTKEeWekAqisec5Cw@6",2016-04-11 01:36:58.879
"99SZyjVxEeW6RApRXdjJPw","vG7i3","_RuG4NTKEeWekAqisec5Cw@6","assessment","LIKE_OR_DISLIKE",ec593e51069233e7943dec0a84309f20b255a364,1,1,"assessmentContext~99SZyjVxEeW6RApRXdjJPw!~vG7i3!~_RuG4NTKEeWekAqisec5Cw@6",2016-04-07 13:21:55.496
"99SZyjVxEeW6RApRXdjJPw","vG7i3","_RuG4NTKEeWekAqisec5Cw@6","assessment","LIKE_OR_DISLIKE",310b5c91a83ab2e4261b767ef2710875dbf08774,0,1,"assessmentContext~99SZyjVxEeW6RApRXdjJPw!~vG7i3!~_RuG4NTKEeWekAqisec5Cw@6",2016-04-09 20:32:12.693
"99SZyjVxEeW6RApRXdjJPw","vILu9","ED-7YN6aEeWO-Q5DGvdVFQ","lecture","LIKE_OR_DISLIKE",a6ffd5da0cba5fbe458c48c82554e12874014ad3,1,1,"lectureContext~99SZyjVxEeW6RApRXdjJPw!~vILu9!~ED-7YN6aEeWO-Q5DGvdVFQ",2016-04-30 18:19:16.945
"99SZyjVxEeW6RApRXdjJPw","vILu9","ED-7YN6aEeWO-Q5DGvdVFQ","lecture","LIKE_OR_DISLIKE",8dafb0039be4b721211daf3906947f0d1703af6f,1,1,"lectureContext~99SZyjVxEeW6RApRXdjJPw!~vILu9!~ED-7YN6aEeWO-Q5DGvdVFQ",2016-04-27 02:59:25.512
"99SZyjVxEeW6RApRXdjJPw","xJHiY","O7JCJt6GEeWK-graHP3VxQ","lecture","LIKE_OR_DISLIKE",8dafb0039be4b721211daf3906947f0d1703af6f,1,1,"lectureContext~99SZyjVxEeW6RApRXdjJPw!~xJHiY!~O7JCJt6GEeWK-graHP3VxQ",2016-04-18 00:25:02.455
"99SZyjVxEeW6RApRXdjJPw","xJHiY","O7JCJt6GEeWK-graHP3VxQ","lecture","LIKE_OR_DISLIKE",72475792bfdb24a92308665b5b921ca55663a9d3,1,1,"lectureContext~99SZyjVxEeW6RApRXdjJPw!~xJHiY!~O7JCJt6GEeWK-graHP3VxQ",2016-04-01 01:55:00.842
"99SZyjVxEeW6RApRXdjJPw","xJHiY","O7JCJt6GEeWK-graHP3VxQ","lecture","LIKE_OR_DISLIKE",b9dcca5a033b17a016881181802d898ec2ea5e7c,1,1,"lectureContext~99SZyjVxEeW6RApRXdjJPw!~xJHiY!~O7JCJt6GEeWK-graHP3VxQ",2016-06-09 17:20:23.036
"99SZyjVxEeW6RApRXdjJPw","ynlyb","Z9pGfNGyEeW4tgq7X49Qnw@13","supplement","LIKE_OR_DISLIKE",8dafb0039be4b721211daf3906947f0d1703af6f,1,1,"supplementContext~99SZyjVxEeW6RApRXdjJPw!~ynlyb!~Z9pGfNGyEeW4tgq7X49Qnw@13",2016-04-10 23:56:49.60
"99SZyjVxEeW6RApRXdjJPw","ynlyb","Z9pGfNGyEeW4tgq7X49Qnw@13","supplement","LIKE_OR_DISLIKE",c6243f697d977a71a34acebee8621bc51d31af92,1,1,"supplementContext~99SZyjVxEeW6RApRXdjJPw!~ynlyb!~Z9pGfNGyEeW4tgq7X49Qnw@13",2016-04-16 06:31:35.804
"99SZyjVxEeW6RApRXdjJPw","ynlyb","Z9pGfNGyEeW4tgq7X49Qnw@13","supplement","LIKE_OR_DISLIKE",d4ac7e61469fc82750861aa3176a4fc3a35d1533,1,1,"supplementContext~99SZyjVxEeW6RApRXdjJPw!~ynlyb!~Z9pGfNGyEeW4tgq7X49Qnw@13",2016-06-06 00:59:06.282
"99SZyjVxEeW6RApRXdjJPw","ynlyb","Z9pGfNGyEeW4tgq7X49Qnw@13","supplement","LIKE_OR_DISLIKE",0f7427f438870c65ad5f33c0ddbc913abf0f0264,1,1,"supplementContext~99SZyjVxEeW6RApRXdjJPw!~ynlyb!~Z9pGfNGyEeW4tgq7X49Qnw@13",2016-05-28 09:26:08.411
"99SZyjVxEeW6RApRXdjJPw","ynlyb","Z9pGfNGyEeW4tgq7X49Qnw@13","supplement","LIKE_OR_DISLIKE",e9bc69fa470448f963b034832f2bfb2714e68595,1,1,"supplementContext~99SZyjVxEeW6RApRXdjJPw!~ynlyb!~Z9pGfNGyEeW4tgq7X49Qnw@13",2016-06-04 20:25:07.333
