ualberta_user_id,course_id,met_payment_condition,was_payment,was_finaid_grant,was_group_sponsored
50e2fb7791bee7fadb8a5e14dd398ebf39fbd0e7,"99SZyjVxEeW6RApRXdjJPw",t,t,f,f
39011d9b41e938a7321891ee47d6566d6717a0a3,"99SZyjVxEeW6RApRXdjJPw",t,t,f,f
3d4e37bafb183f8f9d13e227e28ecfe461ae8deb,"99SZyjVxEeW6RApRXdjJPw",t,t,f,f
2321b9f9c812aa9fac7a81cb742954078d9bc35f,"99SZyjVxEeW6RApRXdjJPw",t,f,t,f
64eb06b8131032f593ea45e927e59555bf586a9d,"99SZyjVxEeW6RApRXdjJPw",t,t,f,f
684349c730923aed5393d5105c00252266af092f,"99SZyjVxEeW6RApRXdjJPw",t,t,f,f
f849830e9c3f637b2d97337f8b089d4d9d10e5ed,"99SZyjVxEeW6RApRXdjJPw",t,t,f,f
3b090f04fb27885686db80b32453ca1b12472942,"99SZyjVxEeW6RApRXdjJPw",t,t,f,f
86d99c9470fdd53d0825490b21b2dbab7eb4c938,"99SZyjVxEeW6RApRXdjJPw",t,f,t,f
a1757e289f1ba671e3b78bdd4acf2677855a0f8b,"99SZyjVxEeW6RApRXdjJPw",t,t,f,f
0be2e5fe18bd4c9391a4c024d69ac623ff8edd53,"99SZyjVxEeW6RApRXdjJPw",t,t,f,f
27d56d20a36e5133b485bd4d08c0e77022b729d7,"99SZyjVxEeW6RApRXdjJPw",t,t,f,f
eb3949452fe3bd054de940a3a932e67f8203170e,"99SZyjVxEeW6RApRXdjJPw",t,f,t,f
ca9134e7cc214468ba9ef64cbe40a5924f4660a6,"99SZyjVxEeW6RApRXdjJPw",t,f,t,f
f4ba87f3c3e9e16929bcb550f978e13718f8d74a,"99SZyjVxEeW6RApRXdjJPw",t,t,f,f
9841ac252e036c2cc41e75d79d409eae532ade15,"99SZyjVxEeW6RApRXdjJPw",t,f,t,f
46cacea2f00c295ccb482d6c428772aedc6dd085,"99SZyjVxEeW6RApRXdjJPw",t,t,f,f
af3bf3b580f79c630319ac222e14907605242f53,"99SZyjVxEeW6RApRXdjJPw",t,t,f,f
acae244a5415df23ad0123d67b2579776b3ba7fe,"99SZyjVxEeW6RApRXdjJPw",t,f,t,f
b8080c800f3fcd8fb7da0c850eb449f2b4098ace,"99SZyjVxEeW6RApRXdjJPw",t,t,t,f
af8910869ea8d7ec07e65ffd0bc24ac9150dbbd6,"99SZyjVxEeW6RApRXdjJPw",t,t,f,f
ebc0274138fc0b8514d59e112bc735ae9521e5d6,"99SZyjVxEeW6RApRXdjJPw",t,t,f,f
821b212f621a48b0960ee662dd5664d4da0e8ae0,"99SZyjVxEeW6RApRXdjJPw",t,f,t,f
6e96348bfdc55dd5bba4f48d369a2a79472fb652,"99SZyjVxEeW6RApRXdjJPw",t,t,f,f
caa5bf017c9eb3ecf507cf7a2924cd92ac4f6202,"99SZyjVxEeW6RApRXdjJPw",t,f,t,f
817137ccf69af3d65130c3a84e64ba7f64acff7d,"99SZyjVxEeW6RApRXdjJPw",t,f,t,f
6dbbc8d2e7b7e93cd86b1de6a8b443939f9417fa,"99SZyjVxEeW6RApRXdjJPw",t,t,f,f
090bd9a1233d39e2537d665b7ad6cf91821529e4,"99SZyjVxEeW6RApRXdjJPw",t,t,f,f
dfc4a0e0454e1253fa14241b3912a07a9c3bccdd,"99SZyjVxEeW6RApRXdjJPw",t,t,f,f
1fb9f3df2cd75c49ec1aa42cd819937bd3ad2a1b,"99SZyjVxEeW6RApRXdjJPw",t,f,t,f
b2db50bfc3fa5c197b3166aa801450d394f9ae4d,"99SZyjVxEeW6RApRXdjJPw",t,t,f,f
163089ed054793003b76588bc3b59f8084df16d5,"99SZyjVxEeW6RApRXdjJPw",t,t,f,f
0bc34ffd854469b25b048a79bd827d10e798bcb2,"99SZyjVxEeW6RApRXdjJPw",t,t,f,f
e9c4e81bb725d2c75e0b6d39c683f421e82da69c,"99SZyjVxEeW6RApRXdjJPw",t,t,f,f
c1a7fca426dee9d2bec7b5624ce899b1e5f0f689,"99SZyjVxEeW6RApRXdjJPw",t,t,f,f
57205c9ca9f7ebc0cb0b8a309a224018997cb726,"99SZyjVxEeW6RApRXdjJPw",t,t,f,f
303c1edd75015515356615e356f076f5975e52f0,"99SZyjVxEeW6RApRXdjJPw",t,f,t,f
254f78a6f8b15285121141a81ee08c18d1c90fce,"99SZyjVxEeW6RApRXdjJPw",t,t,f,f
efd7f216e0b529f306b960ea6431cd07540bd206,"99SZyjVxEeW6RApRXdjJPw",t,t,f,f
47b9d2a48ee37b4b4cbac11fea69814b30d91280,"99SZyjVxEeW6RApRXdjJPw",t,t,f,f
6fe9aa35e7eafc63123ee8cf662d7970e14031a2,"99SZyjVxEeW6RApRXdjJPw",t,f,t,f
3bc032b830e4cd95759de6eb9f4c2506a1445e7e,"99SZyjVxEeW6RApRXdjJPw",t,t,f,f
7ff5c975d46197d0d71c9189a7fef12b17c56c57,"99SZyjVxEeW6RApRXdjJPw",t,t,f,f
f2884f73585f9123b4e86799d19da86c1690b3e2,"99SZyjVxEeW6RApRXdjJPw",t,t,f,f
1e5fe5f925deb014a0c966e445ba4de812687dac,"99SZyjVxEeW6RApRXdjJPw",t,t,f,f
671169e53404faf9c0d8f53b9e986140b5be010a,"99SZyjVxEeW6RApRXdjJPw",t,t,f,f
dbb58af1975eb83c11670b0de4a422d75f183203,"99SZyjVxEeW6RApRXdjJPw",t,t,f,f
4bc641a3ca26d6ac92be39b6c1ee916af97cb626,"99SZyjVxEeW6RApRXdjJPw",t,f,t,f
64509c928bc9778a23d12c88f011462ac91d15e4,"99SZyjVxEeW6RApRXdjJPw",t,f,t,f
62e85911b477f5998f2f130157c46acf223d29db,"99SZyjVxEeW6RApRXdjJPw",t,t,f,f
a28a6e2b9cb503d845a860ac856c652c9cdf906e,"99SZyjVxEeW6RApRXdjJPw",t,t,f,f
a231bc530eb5134f27b68da1a9d965c486f993c9,"99SZyjVxEeW6RApRXdjJPw",t,t,f,f
ad816281784ebccc4419d6c4e5de8b25345272d6,"99SZyjVxEeW6RApRXdjJPw",t,t,f,f
462060aefa5582f4ea942c0d42bca3d1ded82f11,"99SZyjVxEeW6RApRXdjJPw",t,t,f,f
757f145ad0a8c40ebc669732d49d9f832dd19132,"99SZyjVxEeW6RApRXdjJPw",t,t,f,f
00c33da63a7cf14beb0c8957b39fe482123be41c,"99SZyjVxEeW6RApRXdjJPw",t,t,f,f
7305d96dd0b45436606f21a37ccbcf5919063019,"99SZyjVxEeW6RApRXdjJPw",t,t,f,f
1604e17e7cc83f3016e7bb86258f8ba0d50b20e6,"99SZyjVxEeW6RApRXdjJPw",t,f,t,f
6d66d0f7d303dea72753fa4b4eb41b49f7b73e58,"99SZyjVxEeW6RApRXdjJPw",t,t,f,f
d82353cfd460cf57ab6534414b6486d123a9eda1,"99SZyjVxEeW6RApRXdjJPw",t,t,f,f
97956fa66f22bb79c9505e3fc89900173a43fd8a,"99SZyjVxEeW6RApRXdjJPw",t,t,f,f
447b607910982ca9fc483bf7e557eca3e43fad74,"99SZyjVxEeW6RApRXdjJPw",t,t,t,f
1cc6a503e0839ee78a0d561f433ff0983186ef2e,"99SZyjVxEeW6RApRXdjJPw",t,t,f,f
cdcfc9387a4739575fd69d41ba2b8182b474a19e,"99SZyjVxEeW6RApRXdjJPw",t,t,f,f
f85ad44bc4c82b487db03c2d0e809c08d601c6bc,"99SZyjVxEeW6RApRXdjJPw",t,f,t,f
da432b5507dc1138ed35a2b5f8d2dc3257a40f16,"99SZyjVxEeW6RApRXdjJPw",t,t,f,f
2cccee7343a8b23c15bbf55e3556f9bc4f8620d3,"99SZyjVxEeW6RApRXdjJPw",t,t,f,f
2d7c424d87fee0bd914ce746efb4e1538f100f0a,"99SZyjVxEeW6RApRXdjJPw",t,t,f,f
1be075e41de282dd75ad4d409fb29abcf3abd736,"99SZyjVxEeW6RApRXdjJPw",t,t,f,f
1aea387a151766b404c6151d757e9ae926d9ad8f,"99SZyjVxEeW6RApRXdjJPw",t,t,f,f
c2e810532f0a965d64943d24a897f09a95dae3f9,"99SZyjVxEeW6RApRXdjJPw",t,t,f,f
49ab6a5e3b09c8e7144bf977606b940dee2d7c00,"99SZyjVxEeW6RApRXdjJPw",t,f,t,f
dabd23fd78039a42831b8852a67ee35b3e6fa94c,"99SZyjVxEeW6RApRXdjJPw",t,f,t,f
03dbee69c8d134fd255ad4b1311d6850e3877c9c,"99SZyjVxEeW6RApRXdjJPw",t,t,f,f
38bcb39a07a9d00347aefd70262c149d59d30431,"99SZyjVxEeW6RApRXdjJPw",t,f,t,f
e8d55991db7acfe07d800a679c11098364f2a57e,"99SZyjVxEeW6RApRXdjJPw",t,t,f,f
dce44e5ad024c276ddb5f54b4b83a29f0278b25f,"99SZyjVxEeW6RApRXdjJPw",t,t,f,f
7924ab625dca45cf4b226a7eadf5f042a1973300,"99SZyjVxEeW6RApRXdjJPw",t,t,f,f
681877a22c6e986a48a6d1bed8171bd776d28da6,"99SZyjVxEeW6RApRXdjJPw",t,t,f,f
17786ed0a327e0dd8f0431ed1377081c81236b9e,"99SZyjVxEeW6RApRXdjJPw",t,f,t,f
954b988b4f55ee85442385d7352f98a77100019f,"99SZyjVxEeW6RApRXdjJPw",t,t,f,f
77d53bcef4e9d2e32722972c3e5208070defa5d5,"99SZyjVxEeW6RApRXdjJPw",t,t,f,f
94d010f86db9e7b3074678d95ee2fadffbe62155,"99SZyjVxEeW6RApRXdjJPw",t,t,f,f
e8dc19591f03f365f292fb0fc79dcc2568f896ed,"99SZyjVxEeW6RApRXdjJPw",t,f,t,f
46fd3143c973228b583e66f3b7c489bb2f0b1dfd,"99SZyjVxEeW6RApRXdjJPw",t,t,f,f
86d2160344cc09988fb7f7b5984f36247fcb786b,"99SZyjVxEeW6RApRXdjJPw",t,t,f,f
178f8dee32620a7eaa900785edf5ab63b2fc3426,"99SZyjVxEeW6RApRXdjJPw",t,t,f,f
ac4836b90f211bfa23ac26df908ae4535142929d,"99SZyjVxEeW6RApRXdjJPw",t,f,t,f
459c800d999abfdae3173ef170fed9749c20fff8,"99SZyjVxEeW6RApRXdjJPw",t,t,f,f
4fa8499f8af14268bc74d88ff7818f3ad4a34792,"99SZyjVxEeW6RApRXdjJPw",t,t,f,f
11132d7a81620ee3a8313593903b901a324cff79,"99SZyjVxEeW6RApRXdjJPw",t,f,t,f
b6ba4220f3476ab0378b9910937308931b59c5d2,"99SZyjVxEeW6RApRXdjJPw",t,t,f,f
dbe2ec57e6060edc7e5c21f837f1e7ae047039b5,"99SZyjVxEeW6RApRXdjJPw",t,t,f,f
01bc70d5026d3bfb9eb2c1b4556b2943cac6cba4,"99SZyjVxEeW6RApRXdjJPw",t,t,f,f
31bac1305f17903d98439faff8504e9eb4c0d475,"99SZyjVxEeW6RApRXdjJPw",t,t,f,f
067122811942ae2b95daf9950498b5271222df30,"99SZyjVxEeW6RApRXdjJPw",t,f,t,f
01e05ed110e60e0cac67f267987414f0f7dceca7,"99SZyjVxEeW6RApRXdjJPw",t,t,f,f
01c033fce8e26c0b3bbdb79db7b457c6fed981d1,"99SZyjVxEeW6RApRXdjJPw",t,t,f,f
d95f8f5a6e6bfd41edb12447fd18725573ab718b,"99SZyjVxEeW6RApRXdjJPw",t,t,f,f
897fedb090bb30a79da519dd6382d0d15ab6b0cb,"99SZyjVxEeW6RApRXdjJPw",t,t,f,f
416fcc6ced37db86045d1354b3ae3d8d2238f718,"99SZyjVxEeW6RApRXdjJPw",t,t,f,f
0de7315e662bf27ec542bcb731be16350e2f6a19,"99SZyjVxEeW6RApRXdjJPw",t,t,f,f
89609934d53403acd631b10afbdce778a1ac8c56,"99SZyjVxEeW6RApRXdjJPw",t,t,f,f
3cd164e661af70f45abde2c3bc69b30830119fd2,"99SZyjVxEeW6RApRXdjJPw",t,t,f,f
292bb77f88e9e2e02bede607af6fef32b40508b6,"99SZyjVxEeW6RApRXdjJPw",t,f,t,f
83c595a4d0cc85cef16a8c063c2ab03b3ad12497,"99SZyjVxEeW6RApRXdjJPw",t,t,f,f
2abd343780b17a7dd4dba4cefda8cb5379d9226d,"99SZyjVxEeW6RApRXdjJPw",t,t,f,f
0035f810529cc356d016ac5697bed2b776a53b0e,"99SZyjVxEeW6RApRXdjJPw",t,t,f,f
97b6fa2efe47436f63c0db7738ce2c69fbbedcef,"99SZyjVxEeW6RApRXdjJPw",t,t,f,f
873424d8e1cb490d58ed2995af3c0330bb7760d8,"99SZyjVxEeW6RApRXdjJPw",t,t,f,f
15bb93867552e638b8dca7ee196f3f0c3d3ec56b,"99SZyjVxEeW6RApRXdjJPw",t,f,t,f
5936524e4cbe79cfe9ee6419d871b6450431ad18,"99SZyjVxEeW6RApRXdjJPw",t,f,t,f
3b42dc3423fd8b595de0f770d429f8fe48fa17c1,"99SZyjVxEeW6RApRXdjJPw",t,t,f,f
eb9af07b3a757318b070bc5bedafa639504f336c,"99SZyjVxEeW6RApRXdjJPw",t,t,f,f
c5af145ee26db473505b2a8a63447bfc6093178a,"99SZyjVxEeW6RApRXdjJPw",t,t,f,f
6454550d89fd84535741bca1d187d7759c809709,"99SZyjVxEeW6RApRXdjJPw",t,t,f,f
cd4f16d87b833f5a284b9e7e1a3c292576ce37e6,"99SZyjVxEeW6RApRXdjJPw",t,t,f,f
49bfe6b0c803a235ea4b850dc2ff68b39712f2fd,"99SZyjVxEeW6RApRXdjJPw",t,t,f,f
d96675ba06f69350b845c275c9e11631d6367ce1,"99SZyjVxEeW6RApRXdjJPw",t,f,t,f
5f372822bde00ff75e41e3896ecffba8c0972564,"99SZyjVxEeW6RApRXdjJPw",t,f,t,f
964bf91b80b7fee3a20c6e1d9c625185ed12deae,"99SZyjVxEeW6RApRXdjJPw",t,f,t,f
44ffb6b40685b29c98f0667291b67ff413d2e1b8,"99SZyjVxEeW6RApRXdjJPw",t,t,f,f
c3fc1d6428ebd65830d27b985946fa10a4134fe1,"99SZyjVxEeW6RApRXdjJPw",t,t,f,f
c74126426878669680ae94864f9acc9b0aeb8923,"99SZyjVxEeW6RApRXdjJPw",t,t,f,f
424b573447807d3f7aa6dfb23b75a34ebec02026,"99SZyjVxEeW6RApRXdjJPw",t,t,f,f
fed20c5bcba0fe4d2879bd00599b3d585def16da,"99SZyjVxEeW6RApRXdjJPw",t,f,t,f
314f0d627905930c6128f682316d48aad7000792,"99SZyjVxEeW6RApRXdjJPw",t,t,f,f
a728b874edff530fdadd77e1a0bd7782230b744c,"99SZyjVxEeW6RApRXdjJPw",t,f,t,f
e794d4bb6a2a1102997c75f596ff6696c158ef31,"99SZyjVxEeW6RApRXdjJPw",t,t,f,f
c2b240bd4a188162896be19107e3091a91880b14,"99SZyjVxEeW6RApRXdjJPw",t,f,t,f
63595f14116b2534446dcca307f464958df0be71,"99SZyjVxEeW6RApRXdjJPw",t,f,t,f
ad0a01c98b540dcbd2627263db42900b9a6bb43f,"99SZyjVxEeW6RApRXdjJPw",t,f,t,f
7afa5a5ff42b0651c1441ef680b1e7abda9694bf,"99SZyjVxEeW6RApRXdjJPw",t,t,f,f
f2a81a42ab38e2ca9fcb2aab76c5e77fdf6e63a4,"99SZyjVxEeW6RApRXdjJPw",t,t,f,f
b45c1196db5c629e1dac2195e2b6e1100f0bd553,"99SZyjVxEeW6RApRXdjJPw",t,t,f,f
195cc0a63f9f2ed6b0ab3014872ceb513fdb2e89,"99SZyjVxEeW6RApRXdjJPw",t,f,t,f
c968eddff46339ade9e3d41a0a289b0913125ecd,"99SZyjVxEeW6RApRXdjJPw",t,t,f,f
a4c0d489eab266f6d0462c804810dbb51983cc5e,"99SZyjVxEeW6RApRXdjJPw",t,t,f,f
b57d4a4f4231a0f11577232f88e9cdc28c068856,"99SZyjVxEeW6RApRXdjJPw",t,f,t,f
6ad536260b144236e86699788396a24643051705,"99SZyjVxEeW6RApRXdjJPw",t,f,t,f
f0a460ac6bdfaaa2109a6c63dba4c6c17b5b582c,"99SZyjVxEeW6RApRXdjJPw",t,f,t,f
63dc2ee7b3c79e923227171d57bf06119d9534ec,"99SZyjVxEeW6RApRXdjJPw",t,t,f,f
a06e264f114deb91fb870a6b261a100d63fef25a,"99SZyjVxEeW6RApRXdjJPw",t,t,f,f
74cb027df306b5f6468b44407832d0332c51a844,"99SZyjVxEeW6RApRXdjJPw",t,t,f,f
d01529c2d88db8a814ce8d56ef83eea5983ba1f5,"99SZyjVxEeW6RApRXdjJPw",t,t,f,f
d65d2a8efe5901a1947e7fbe0bf00373f87052b3,"99SZyjVxEeW6RApRXdjJPw",t,t,f,f
ad42dc51ce5641cbf0abf249e802efe63a4d9654,"99SZyjVxEeW6RApRXdjJPw",t,f,t,f
f7e20f7fbe47cfc4e32dccd9d32635a89f448439,"99SZyjVxEeW6RApRXdjJPw",t,t,f,f
6fabaf80be2cd519abf4b55aa0f230d0dac4c21b,"99SZyjVxEeW6RApRXdjJPw",t,f,t,f
f91a33f46621e2e8cda5561d4876399c76ce40eb,"99SZyjVxEeW6RApRXdjJPw",t,t,f,f
e43abb6c8c3f1a06e23891e64ce911c763e5e458,"99SZyjVxEeW6RApRXdjJPw",t,t,f,f
1992da99878f7df15dfb2d75d6fd9ff99d26d0b8,"99SZyjVxEeW6RApRXdjJPw",t,t,f,f
0efd20d7ae1b3e382f39ef8d096169700ae2bd81,"99SZyjVxEeW6RApRXdjJPw",t,t,f,f
3522c2cef63ab4ab26187e1f78edec1a0580c6ed,"99SZyjVxEeW6RApRXdjJPw",t,t,f,f
eb1d4c5a068a06753d9cbac669f48bd3b2e9daa4,"99SZyjVxEeW6RApRXdjJPw",t,t,f,f
9766555e3ab95195d95d3c9bb347d5b21bbb1a79,"99SZyjVxEeW6RApRXdjJPw",t,f,t,f
a92655e702979f549fe8e22bde3a7c5e32ed0cfb,"99SZyjVxEeW6RApRXdjJPw",t,f,t,f
9d1160eaafb3a2ddc55d6f0260860e5937005d5d,"99SZyjVxEeW6RApRXdjJPw",t,f,t,f
30aed64d0960c96ea61c1b0d0f965d31826b1db1,"99SZyjVxEeW6RApRXdjJPw",t,t,f,f
6459cdd95361c0e8fef6d3e65b9eab1ce6c7501a,"99SZyjVxEeW6RApRXdjJPw",t,f,t,f
652540bc5822bcf9198bbf4a774768ec0d84729c,"99SZyjVxEeW6RApRXdjJPw",t,f,t,f
fdac9a5b4dad8e3d0f3ec913d2cb696567b5cc24,"99SZyjVxEeW6RApRXdjJPw",t,t,f,f
ba3d637c7ca4659c89a62b8ab49dfd249abca1de,"99SZyjVxEeW6RApRXdjJPw",t,t,f,f
de7fa58d0e899c7237d6fe909041a540e9fe74e4,"99SZyjVxEeW6RApRXdjJPw",t,t,f,f
f9fb846a16203ee1d7cdb165c2192a8441595219,"99SZyjVxEeW6RApRXdjJPw",t,f,t,f
b095d32484fdb21fe11db205eb33d9f260e18944,"99SZyjVxEeW6RApRXdjJPw",t,f,t,f
1983d862fb90d76a326a47a2fdb07a130a1afd26,"99SZyjVxEeW6RApRXdjJPw",t,f,t,f
7e410e925e0f96a78191c45e285c64710b3c9561,"99SZyjVxEeW6RApRXdjJPw",t,t,f,f
1cac51549e644cd5f5c82534bbf2c96628d51946,"99SZyjVxEeW6RApRXdjJPw",t,f,t,f
161a2e3b5566a5226481c3a25e1098dcbc41bb41,"99SZyjVxEeW6RApRXdjJPw",t,t,f,f
26a5ae7dd0dc5e77a554d3cef4c039a7967111a9,"99SZyjVxEeW6RApRXdjJPw",t,f,t,f
794f2e178f117e94e588771d85757adff34b35d6,"99SZyjVxEeW6RApRXdjJPw",t,t,f,f
5e7a0a25d7ddde8880726437f638d28dca4f7adb,"99SZyjVxEeW6RApRXdjJPw",t,t,f,f
eccc59c1043ba778064250a16aa36405882b87c0,"99SZyjVxEeW6RApRXdjJPw",t,t,f,f
f7b5ad225b7f2c23d146776747849b243a229f22,"99SZyjVxEeW6RApRXdjJPw",t,t,f,f
33b51c1cad10e75334f692536d359c7c44bb9089,"99SZyjVxEeW6RApRXdjJPw",t,f,t,f
f0dd9fe2b626b165e762d2e15c07e154664db43a,"99SZyjVxEeW6RApRXdjJPw",t,t,f,f
ff66a8968a85e1f119d2e969090025eba37b796c,"99SZyjVxEeW6RApRXdjJPw",t,t,f,f
54b8cf05b16509ae54ad882f1e27b5be9621483f,"99SZyjVxEeW6RApRXdjJPw",t,t,f,f
8d3824607f04f8a401dad452df9aaf902d9aa50d,"99SZyjVxEeW6RApRXdjJPw",t,t,f,f
39ca7dff49b6caf10c7b9f045b492f73d5b94b3b,"99SZyjVxEeW6RApRXdjJPw",t,t,f,f
60013271f309814db663b3eebf3693a59edd6626,"99SZyjVxEeW6RApRXdjJPw",t,f,t,f
89fd54f762c88e3a59f855be75398c43e99b16af,"99SZyjVxEeW6RApRXdjJPw",t,t,f,f
13daf1fe41db110ad5650bfde6c21c11d2f6ea7c,"99SZyjVxEeW6RApRXdjJPw",t,t,f,f
2db41a729996aa8659656456ebb567dad4dbc0ba,"99SZyjVxEeW6RApRXdjJPw",t,t,f,f
69eb38bdb814456485beb4e4eb964a6f2c27acca,"99SZyjVxEeW6RApRXdjJPw",t,t,f,f
441973f7d1a8c2848e2aae6103913b7fd56af73b,"99SZyjVxEeW6RApRXdjJPw",t,t,f,f
906c3bf908764a1620c726df4c458e1a7e6ced00,"99SZyjVxEeW6RApRXdjJPw",t,t,f,f
ea6c910e072512f19431c11c8f468f7370b2319c,"99SZyjVxEeW6RApRXdjJPw",t,t,f,f
39a6e60b095fd5426ad685a5c3750e1f73d0e7e7,"99SZyjVxEeW6RApRXdjJPw",t,t,f,f
46b94bac585bc4b5589c2d657b5a16cc9d516108,"99SZyjVxEeW6RApRXdjJPw",t,t,f,f
5956fe3bdd6c58f371cc4776ddf211ce3b9a1dcc,"99SZyjVxEeW6RApRXdjJPw",t,t,f,f
0ca94b35bf873b73e936f98e94168825f00f8320,"99SZyjVxEeW6RApRXdjJPw",t,t,f,f
6a0cf0a09f29b73dc465b0af72c55f5979e3b907,"99SZyjVxEeW6RApRXdjJPw",t,t,f,f
4482ce0d085245530602ca97f1c255ecb83a8c8f,"99SZyjVxEeW6RApRXdjJPw",t,t,f,f
6185c8ec352f109d21586b9e055d2a86433d66f9,"99SZyjVxEeW6RApRXdjJPw",t,f,t,f
2672f8d47bac8ab6abd34eac03d9308843432f57,"99SZyjVxEeW6RApRXdjJPw",t,t,f,f
a89d9a29ea4682180f492ed87e573463a8ae810a,"99SZyjVxEeW6RApRXdjJPw",t,f,t,f
a2b3b8b23ccd1d09674874bee148368321e38ace,"99SZyjVxEeW6RApRXdjJPw",t,t,f,f
bf73bd6445c8adf836af63ddd97ea9b4b7a4a0e0,"99SZyjVxEeW6RApRXdjJPw",t,f,t,f
b02d8840a20f285fec1d1c9cbf80481497fb0dd6,"99SZyjVxEeW6RApRXdjJPw",t,t,f,f
de984a104f2ddae8b12a659c3c19d3ba94faecd9,"99SZyjVxEeW6RApRXdjJPw",t,f,t,f
d67fb25119c25f1887a97fa0c6afa5be167d5cdc,"99SZyjVxEeW6RApRXdjJPw",t,f,t,f
b3c570ccbe00f2c2af7aef8ccfb8ddc979b7bdf0,"99SZyjVxEeW6RApRXdjJPw",t,t,f,f
e0b3d301e717361fe8f3ab9bd9936d23e56f937a,"99SZyjVxEeW6RApRXdjJPw",t,t,f,f
5633dab4f2f8877c164c628bd2b5b80a4d0bf59c,"99SZyjVxEeW6RApRXdjJPw",t,f,t,f
48f824483c1f28d52d39dc9bc546107a9e497379,"99SZyjVxEeW6RApRXdjJPw",t,t,f,f
b65d7c21ea6f23e207ffd49faf8933fef48e4842,"99SZyjVxEeW6RApRXdjJPw",t,t,f,f
e4227b20577777ebc5e5926929d86c556a65906f,"99SZyjVxEeW6RApRXdjJPw",t,t,f,f
72e02ef63093fc1ec2911f8470f8f89fdffe1a40,"99SZyjVxEeW6RApRXdjJPw",t,f,t,f
e70f2a19d1737a48a2d9b0d9bfd1a30f67eff9e2,"99SZyjVxEeW6RApRXdjJPw",t,t,f,f
82e7d0483437b4794db55689884674dd8d44c69e,"99SZyjVxEeW6RApRXdjJPw",t,f,t,f
f6f4b7bd6edf4348c666039d22b9451ec0fe7023,"99SZyjVxEeW6RApRXdjJPw",t,t,f,f
232f3fd54dc495a25bd6bb3022d4908dc1d60683,"99SZyjVxEeW6RApRXdjJPw",t,f,t,f
5e66a8076a91fced992e96eff6cabd401ce5210a,"99SZyjVxEeW6RApRXdjJPw",t,t,f,f
e01e9e724f6fc69617ab2e0a807e2aae71cc6018,"99SZyjVxEeW6RApRXdjJPw",t,t,f,f
65e2bc073a15e24da94b6a64fc2d5a5ef09b5c4b,"99SZyjVxEeW6RApRXdjJPw",t,t,f,f
09fb652ffbdfc8f82159303cecffe9420cbb330e,"99SZyjVxEeW6RApRXdjJPw",t,f,t,f
f88b2b4f1fe8ae48781502aedcbf63a7db0a9af3,"99SZyjVxEeW6RApRXdjJPw",t,f,t,f
fdc05d8c36b0955446df634e16ea060d0482b666,"99SZyjVxEeW6RApRXdjJPw",t,f,t,f
4bbc093cf1c8d8cc7cf72d97cc460cd68ebbafc0,"99SZyjVxEeW6RApRXdjJPw",t,t,f,f
2324d8bd5f5081759a9043e8be13f6ed5c090bda,"99SZyjVxEeW6RApRXdjJPw",t,t,f,f
60dcb52274bd704b6e2dedd3d057fd8861365307,"99SZyjVxEeW6RApRXdjJPw",t,t,f,f
065c25dac46e28e50c851d336e7363902738a8f8,"99SZyjVxEeW6RApRXdjJPw",t,t,f,f
3e6f39256a7f8bf12ee99ec7adb29748caa8a02c,"99SZyjVxEeW6RApRXdjJPw",t,t,f,f
6c5ee89e84b73d1c30d0ef76ddf20a829df43707,"99SZyjVxEeW6RApRXdjJPw",t,t,f,f
4e7e4cc00e4d992adff5a0835875c8db10d796e2,"99SZyjVxEeW6RApRXdjJPw",t,t,f,f
3593a65579063d7c9847fc496a8598278a3020b0,"99SZyjVxEeW6RApRXdjJPw",t,f,t,f
2d3c50c0573cc2e3501803c6bf8508e76fdd8da1,"99SZyjVxEeW6RApRXdjJPw",t,t,f,f
065c7ccce3ec7578dc099dd5db9c376e63018c57,"99SZyjVxEeW6RApRXdjJPw",t,f,t,f
0e6b973562d06ce0130b4db5d2b5771dc5bcf6f2,"99SZyjVxEeW6RApRXdjJPw",t,t,f,f
160b799580ac522b4822ef5653f60ac55928a1c1,"99SZyjVxEeW6RApRXdjJPw",t,t,f,f
6b64606ee499ccd9eb6c9f2d4a693e3cafe2625a,"99SZyjVxEeW6RApRXdjJPw",t,t,f,f
0eb48e8ba3251716709959fc9b0c185fb8ee2f51,"99SZyjVxEeW6RApRXdjJPw",t,t,f,f
5ade6fca7613f9f649242416219207e5eadfaf67,"99SZyjVxEeW6RApRXdjJPw",t,t,f,f
b78f2c3f5d36898a5d73314bb2f4798602a104a8,"99SZyjVxEeW6RApRXdjJPw",t,t,f,f
308cd969a12fc5cbda2cf42c61a129ad4806a55b,"99SZyjVxEeW6RApRXdjJPw",t,f,t,f
2e4ba1ecde1e67e2dca2296e2f877c0c2aa06716,"99SZyjVxEeW6RApRXdjJPw",t,t,f,f
afd7d9a6a46c6df446e8e64c1f2f7430f82ac5f7,"99SZyjVxEeW6RApRXdjJPw",t,t,f,f
9ba663b8a99b67a903990368872fc8f4a396e960,"99SZyjVxEeW6RApRXdjJPw",t,f,t,f
e1c95c4cc3fdc271e95e34de0860ffec3e2f10b9,"99SZyjVxEeW6RApRXdjJPw",t,f,t,f
33b0979591c510b32460adccfe3156e8debda239,"99SZyjVxEeW6RApRXdjJPw",t,t,f,f
d8a96c51a53783886927c4050451204728ca4c9d,"99SZyjVxEeW6RApRXdjJPw",t,t,f,f
ef3d2984ea2b4dcec934c4dd42d8682290e17c05,"99SZyjVxEeW6RApRXdjJPw",t,t,f,f
6f6838d7c96b3759a2c76ad5d97e6b8e8d467bcd,"99SZyjVxEeW6RApRXdjJPw",t,t,f,f
66a6ade10beabd40565aaa733a27105c0da32717,"99SZyjVxEeW6RApRXdjJPw",t,t,f,f
1ecbbd9d018e19dfc44be7f5a0d454f9de0fdf86,"99SZyjVxEeW6RApRXdjJPw",t,f,t,f
dcc127061ac9a3ba88d7db8761d4c8fc04c499d8,"99SZyjVxEeW6RApRXdjJPw",t,t,f,f
ab73459fdbe70732bb7d15b29ea972cfa4bab8be,"99SZyjVxEeW6RApRXdjJPw",t,t,f,f
93477c20c69ce4d25802cc1816a6937215549ba2,"99SZyjVxEeW6RApRXdjJPw",t,t,f,f
308899ec7f1d9556c49da2b6189df0661f953d8b,"99SZyjVxEeW6RApRXdjJPw",t,t,f,f
cad2ec25fe1ea118a27c411f6bfd318a0a15f577,"99SZyjVxEeW6RApRXdjJPw",t,t,f,f
84c3d5326662fba8d613dc51f164f7aa4206735f,"99SZyjVxEeW6RApRXdjJPw",t,t,f,f
acbbf6efc0cd2246add3d51a6f9acb32711159a9,"99SZyjVxEeW6RApRXdjJPw",t,t,f,f
803738f9cf48e08a26546756ed7f59830e1c5c3f,"99SZyjVxEeW6RApRXdjJPw",t,t,f,f
b1c79acecc9123d7bd4bd3d1744ef3ac8882b3f7,"99SZyjVxEeW6RApRXdjJPw",t,t,f,f
a0a13bdcc7b54b36b4e38c91591fc308a1a3cde3,"99SZyjVxEeW6RApRXdjJPw",t,t,f,f
c44ec831c035bcf226d2e0ee3f35ff688720c5dc,"99SZyjVxEeW6RApRXdjJPw",t,f,t,f
1940f9060dec70e97fd10ae17882321ecf315f09,"99SZyjVxEeW6RApRXdjJPw",t,t,f,f
e6db1fc386c1cdce58254124b9230fb799607187,"99SZyjVxEeW6RApRXdjJPw",t,t,f,f
5ca3947bed068e2b63f5d89cda2fda7bcb54d77f,"99SZyjVxEeW6RApRXdjJPw",t,t,f,f
3a0b081b1b6e0414a365272fc3d6b1624450bf0a,"99SZyjVxEeW6RApRXdjJPw",t,f,t,f
9ce843e5c54afe4a1c46932b9870f520d9af1af4,"99SZyjVxEeW6RApRXdjJPw",t,t,f,f
725608fcdf0af36474763027846497dffae1287e,"99SZyjVxEeW6RApRXdjJPw",t,t,f,f
b16482826819c23ef872aba7f5971ec5da54e572,"99SZyjVxEeW6RApRXdjJPw",t,t,f,f
4f9e966ade3f31bf7d6d2274d0cd6090a217283d,"99SZyjVxEeW6RApRXdjJPw",t,t,f,f
da483d4de5766b999c3cd7f3f868df74e0c0ded5,"99SZyjVxEeW6RApRXdjJPw",t,t,f,f
c47967e59da55dbf1c33766a49412288e90ea26e,"99SZyjVxEeW6RApRXdjJPw",t,f,t,f
d032bf361adcee0d0b83a56ba4dd19675ead88eb,"99SZyjVxEeW6RApRXdjJPw",t,t,f,f
1836196f8665332eed610f1656a17bc804f55ef0,"99SZyjVxEeW6RApRXdjJPw",t,f,t,f
6d5ac1b41b0f2de2f77cd30425091f464e5ad9ce,"99SZyjVxEeW6RApRXdjJPw",t,f,t,f
f17e47f89d99e3f921032249145d3eb9151203c0,"99SZyjVxEeW6RApRXdjJPw",t,t,f,f
0b7e79fb16e2c916ace1c3ebf0e862a3fd12bf18,"99SZyjVxEeW6RApRXdjJPw",t,t,f,f
e31fe14741c5d7cdd7ffc202d52043d4d062b7bd,"99SZyjVxEeW6RApRXdjJPw",t,t,f,f
bb545c162e5a5b57956aca5609a6d6a974c16a3e,"99SZyjVxEeW6RApRXdjJPw",t,t,f,f
ea4c183441d374999162920a29edb75713406e0e,"99SZyjVxEeW6RApRXdjJPw",t,t,f,f
098bcf62d35c28e834cfc38bf55106945affc400,"99SZyjVxEeW6RApRXdjJPw",t,f,t,f
028f18bbf8cad0a286031c8cae4b53b24ba4967b,"99SZyjVxEeW6RApRXdjJPw",t,t,f,f
ad57efd8cc500e2da30815d6b853be492bde9338,"99SZyjVxEeW6RApRXdjJPw",t,t,f,f
58dbf9ecd9e27fb7675d7ea1cec2ad92ea234c80,"99SZyjVxEeW6RApRXdjJPw",t,t,f,f
43089864f250f19c1abbaafed901537c9d8b5aba,"99SZyjVxEeW6RApRXdjJPw",t,t,f,f
12b97540b00398693cd696f316df2144f0cbf5a7,"99SZyjVxEeW6RApRXdjJPw",t,t,f,f
98df22f5b86f715e9da9fcfb78cdd59e666568a5,"99SZyjVxEeW6RApRXdjJPw",t,f,t,f
63208c9d5fd6c84ca9ad4afea49b04096cc40411,"99SZyjVxEeW6RApRXdjJPw",t,t,f,f
96b5e2f7eb2ee4a1111cc501b3dbe32b8e6f1125,"99SZyjVxEeW6RApRXdjJPw",t,t,f,f
f2b8a3db7216b1c8b5e49cb9f1777da611c3b463,"99SZyjVxEeW6RApRXdjJPw",t,t,f,f
b28912e783ffafb22501c685fa381e6bf1e35b3d,"99SZyjVxEeW6RApRXdjJPw",t,f,t,f
0bc013411dffeccb4aff9becac70832facf426d1,"99SZyjVxEeW6RApRXdjJPw",t,t,f,f
f62374565337415b48d92fb10a7ef5ab788c26c1,"99SZyjVxEeW6RApRXdjJPw",t,t,f,f
c5d551da2bc22802ef7990dfe629c5dfa534ef1a,"99SZyjVxEeW6RApRXdjJPw",t,t,f,f
756b74e0dc9730f94352c55611fe19389b3345d4,"99SZyjVxEeW6RApRXdjJPw",t,f,t,f
28521a36a073c6aac281eeb941fcae1faa33070d,"99SZyjVxEeW6RApRXdjJPw",t,t,f,f
0528cbde9586b9e7a458cc489ed5b44eccb9366c,"99SZyjVxEeW6RApRXdjJPw",t,t,f,f
f0db58cf9146c992233b3a2dd4210d3160eb0544,"99SZyjVxEeW6RApRXdjJPw",t,f,t,f
c03e0e6495181274757fdd973cd58d7a371d8db7,"99SZyjVxEeW6RApRXdjJPw",t,t,f,f
142a283e1bc6a30a1e5afcbfef01b8d18952177f,"99SZyjVxEeW6RApRXdjJPw",t,t,f,f
59c979c6e7afc02d92be2690864b895a04b212ab,"99SZyjVxEeW6RApRXdjJPw",t,t,f,f
14fed1b2f297c83a1bba57a46cbcfacde3a4ae1a,"99SZyjVxEeW6RApRXdjJPw",t,f,t,f
e69c5f8344957ace4f7e1309e8eaff475253db7e,"99SZyjVxEeW6RApRXdjJPw",t,t,f,f
1c9d18f62383dd452fda9ffb7a5d1ba07b0207d6,"99SZyjVxEeW6RApRXdjJPw",t,t,f,f
8907b78089b124bcde3758c7a61790841c59f8f4,"99SZyjVxEeW6RApRXdjJPw",t,t,f,f
fb4d3b7c94e51fcc33ced5c076a55dc1e400cd07,"99SZyjVxEeW6RApRXdjJPw",t,t,f,f
724ae9fff76f8f9e1e9907b6060675bd5db9bedd,"99SZyjVxEeW6RApRXdjJPw",t,t,f,f
ae808e2284fcd36a37423fe1663954d19aa19a77,"99SZyjVxEeW6RApRXdjJPw",t,t,f,f
d551dc41016918fbb63e951ab672491f066edc93,"99SZyjVxEeW6RApRXdjJPw",t,f,t,f
95ea7ecdf5eb1c0c60195ca0ce90817d41a62387,"99SZyjVxEeW6RApRXdjJPw",t,t,f,f
b7d0123a242e78689467108674b0e27cb5f2f34d,"99SZyjVxEeW6RApRXdjJPw",t,f,t,f
77546b39a0073b6691fda0c4e5850f0ee708d39d,"99SZyjVxEeW6RApRXdjJPw",t,f,t,f
2b60abdb9e462a7e919a0a157b1883de87b5afaa,"99SZyjVxEeW6RApRXdjJPw",t,t,f,f
29715e8f7340ac3f9865121db4d8b97124a9069a,"99SZyjVxEeW6RApRXdjJPw",t,t,f,f
eaae5b5e883ab7e5e5488e0ced09f692e531fb44,"99SZyjVxEeW6RApRXdjJPw",t,t,f,f
985c58f01f525487ac8f895b9fc1b3ee60830771,"99SZyjVxEeW6RApRXdjJPw",t,t,f,f
42a90911b0e66039ee2bbb403955fc3cde71d344,"99SZyjVxEeW6RApRXdjJPw",t,t,f,f
4578e03486721eeeccba401e4301734981d4181c,"99SZyjVxEeW6RApRXdjJPw",t,t,f,f
adde4a5aaffb067ab0ee645a1911c219ed0d49a4,"99SZyjVxEeW6RApRXdjJPw",t,f,t,f
c096954e3e9d4e40201210d84d216f0231a489be,"99SZyjVxEeW6RApRXdjJPw",t,t,f,f
a2ce096cffc3cebd183b0da73fa1fa4f147e27eb,"99SZyjVxEeW6RApRXdjJPw",t,t,f,f
f2f13edc966290fbeaecbb4e831f01076befc095,"99SZyjVxEeW6RApRXdjJPw",t,t,f,f
b06f0d2c26dce25ff746e850210d4e7fd0098f31,"99SZyjVxEeW6RApRXdjJPw",t,t,f,f
cd068c86e25487837c046a681586fce2a9f95f39,"99SZyjVxEeW6RApRXdjJPw",t,t,f,f
787261f39333409e37075e9aa4fc94a5d90c46d1,"99SZyjVxEeW6RApRXdjJPw",t,t,f,f
3d7f86594f7b35ed4e1dbc74e8f34ce848a12299,"99SZyjVxEeW6RApRXdjJPw",t,t,f,f
91320e05ba5e68c8fea7196cb0c691658524b5e8,"99SZyjVxEeW6RApRXdjJPw",t,t,f,f
070cbdfcfe7502abf2a9a8df7b7ae2f8b95496c6,"99SZyjVxEeW6RApRXdjJPw",t,f,t,f
995b51c547f171a9df4b975bfa2794dde1503604,"99SZyjVxEeW6RApRXdjJPw",t,t,f,f
4beb1f1c95a22718afb2d7e8da172aa1c1dd20c6,"99SZyjVxEeW6RApRXdjJPw",t,t,f,f
daf173beefb39e0a95bc1b974316ec62441aff6e,"99SZyjVxEeW6RApRXdjJPw",t,f,t,f
cc699548a07cbd78208d298edde48bfc235496b7,"99SZyjVxEeW6RApRXdjJPw",t,t,f,f
bc9766120236455aacde25450bb647754baf99e6,"99SZyjVxEeW6RApRXdjJPw",t,f,t,f
a05b858f3181aa314ad0349af8ac822956d02959,"99SZyjVxEeW6RApRXdjJPw",t,t,f,f
f61165f647959d947b3432c73ad1e29b222f5f79,"99SZyjVxEeW6RApRXdjJPw",t,f,t,f
1a70862e45b8f46d45301919c3effd07b2b62362,"99SZyjVxEeW6RApRXdjJPw",t,t,f,f
cf617a259867244ea5613de4ecc9443d7d0abfbc,"99SZyjVxEeW6RApRXdjJPw",t,t,f,f
4a576f5ee46acbf041fa642b54c8a418e5009200,"99SZyjVxEeW6RApRXdjJPw",t,f,t,f
83a3fff5c55de805668edc0a2e3228256c71f048,"99SZyjVxEeW6RApRXdjJPw",t,t,f,f
1667e33f58562f712e5c7b451e616b856fdc1921,"99SZyjVxEeW6RApRXdjJPw",t,f,t,f
4c4546adfdd1f58b40f4118c363c6b41a9250a90,"99SZyjVxEeW6RApRXdjJPw",t,t,f,f
2be6b2f63e8f859171eb076d1014e5366701c0f4,"99SZyjVxEeW6RApRXdjJPw",t,t,f,f
9f5d363a6ade940c6989329f636fd014c2f681ae,"99SZyjVxEeW6RApRXdjJPw",t,t,f,f
08e90e07793169a6227e06abf3b3ea72da4475ff,"99SZyjVxEeW6RApRXdjJPw",t,t,f,f
2763abe8cfe44293963ba7f41e9e939e1a1bbbc7,"99SZyjVxEeW6RApRXdjJPw",t,t,f,f
cdbc1f35f07f3752dc3041213b44f7603a41c893,"99SZyjVxEeW6RApRXdjJPw",t,f,t,f
fee641cc01987d1e639156ecdbfd91031312a8c8,"99SZyjVxEeW6RApRXdjJPw",t,t,f,f
3c4b0aace2d326ae4ebb401bbb4ffb2ee4f63bef,"99SZyjVxEeW6RApRXdjJPw",t,t,f,f
70a1877a7727bc9a4623f69bc14e3223d40fa19c,"99SZyjVxEeW6RApRXdjJPw",t,t,f,f
9e9b1462050b892a46ff700e5b80ae1a6c263534,"99SZyjVxEeW6RApRXdjJPw",t,f,t,f
027d68dc2138533e2241bf39ee6ca76bbca0a39c,"99SZyjVxEeW6RApRXdjJPw",t,t,f,f
5dd53fab39a70e4acf771ff6ed72f478e97facb1,"99SZyjVxEeW6RApRXdjJPw",t,f,t,f
04b1c07cc599f16f81f3b8a615be3bde2544a756,"99SZyjVxEeW6RApRXdjJPw",t,f,t,f
abed1fbd74a8615a3039dc8ddf6e6e58e61538a0,"99SZyjVxEeW6RApRXdjJPw",t,f,t,f
aa71f96555c972c0a4bf93a032bb1337d72a0dcb,"99SZyjVxEeW6RApRXdjJPw",t,t,f,f
e8170f005794f144014f213e6cde1be933412528,"99SZyjVxEeW6RApRXdjJPw",t,t,f,f
8e3ef4534d360256f5cf798297db38fa6341c149,"99SZyjVxEeW6RApRXdjJPw",t,t,f,f
0f3d2157859c5261f7698a028ed3606096e917dc,"99SZyjVxEeW6RApRXdjJPw",t,t,f,f
c2b759be61740d3e0f9131beffcd1b184139ddb2,"99SZyjVxEeW6RApRXdjJPw",t,t,f,f
673ad2e0dd0800fbd9a3c9a494216616000618e7,"99SZyjVxEeW6RApRXdjJPw",t,f,t,f
ef38d7bbc605b61716631c4b583f6a368b79e013,"99SZyjVxEeW6RApRXdjJPw",t,t,f,f
9cc5cba9df6bc2c7d13e45d7f2d9268f97774087,"99SZyjVxEeW6RApRXdjJPw",t,t,f,f
f9aa424b048da7a24a51594ecc2ee0a5e9ec12f1,"99SZyjVxEeW6RApRXdjJPw",t,t,f,f
c9aa12b33c5f15cc0be59b76338139c40fe7be89,"99SZyjVxEeW6RApRXdjJPw",t,t,f,f
abac562480d79864966d980d0af9d1429482e3c1,"99SZyjVxEeW6RApRXdjJPw",t,t,f,f
6d2fba1f825d377fee20add5847a20394007d001,"99SZyjVxEeW6RApRXdjJPw",t,t,f,f
48a783c76b177af1906429e0fcfed67817708eef,"99SZyjVxEeW6RApRXdjJPw",t,t,f,f
18a5e436827ee9f5793b783970e8efe56c01c10c,"99SZyjVxEeW6RApRXdjJPw",t,f,t,f
e74eacee0360e2f0b9b21c1ec2fa0459d73b07eb,"99SZyjVxEeW6RApRXdjJPw",t,f,t,f
174862003d1a951de6795fbdf93813c92e79bf39,"99SZyjVxEeW6RApRXdjJPw",t,t,f,f
95fe137f401935d9c5489d5ab3a7d106d9138c62,"99SZyjVxEeW6RApRXdjJPw",t,t,f,f
43e61e42b3bec1aa839f1fd4b1381fa555133455,"99SZyjVxEeW6RApRXdjJPw",t,f,t,f
ec1d06392ca137d0baf7b1725b28f677cc54a75c,"99SZyjVxEeW6RApRXdjJPw",t,f,t,f
2780b9ed010fbf9f6c547b6d41b2b3b099579ebc,"99SZyjVxEeW6RApRXdjJPw",t,f,t,f
e14a1fc2065bf777cfe3cdb878df61ab7ce1c210,"99SZyjVxEeW6RApRXdjJPw",t,t,f,f
0ef9559608f40ff3c2ae9a9231c5be402b96aed9,"99SZyjVxEeW6RApRXdjJPw",t,t,f,f
419cce2799ca8fef88fa33e27ff5d9c20e42e573,"99SZyjVxEeW6RApRXdjJPw",t,t,f,f
103b30863af98ec477796f31fe30249dd2787400,"99SZyjVxEeW6RApRXdjJPw",t,t,f,f
271b016379521ac0bfe888c7d275e12592b0e184,"99SZyjVxEeW6RApRXdjJPw",t,t,f,f
9a3934082162459a8c71d39ef4998399f12dae8e,"99SZyjVxEeW6RApRXdjJPw",t,t,f,f
5bdb28d25eed6b2bf74f0a69f2e13a69be652eb4,"99SZyjVxEeW6RApRXdjJPw",t,t,f,f
9844931f519487edb6908149aca757136876219a,"99SZyjVxEeW6RApRXdjJPw",t,t,f,f
f9ee112cbc68758eb5a07b8733d35ae08a53712c,"99SZyjVxEeW6RApRXdjJPw",t,t,f,f
c8fe4aff430a9394d22ebc23437805b52b44838d,"99SZyjVxEeW6RApRXdjJPw",t,t,f,f
7c129e7ad80dc627701e6f68c1b425ea83739567,"99SZyjVxEeW6RApRXdjJPw",t,t,f,f
e117888423337ed0190ad789554ffd78c06023bd,"99SZyjVxEeW6RApRXdjJPw",t,t,f,f
d6ca4baf5266215639e3382984bbcf27995f9dc2,"99SZyjVxEeW6RApRXdjJPw",t,f,t,f
11fba5fd1aa32d27bd911cec14913a0653bb2d78,"99SZyjVxEeW6RApRXdjJPw",t,t,f,f
11fe6eccb2204364a469ebee95d2f1709b9c3bbd,"99SZyjVxEeW6RApRXdjJPw",t,f,t,f
b5f2370e0816674b74cb1b97e3a5e23d32c7081e,"99SZyjVxEeW6RApRXdjJPw",t,t,f,f
2cacdf35f9688dc4ad92163e950a787ee0fc5bf0,"99SZyjVxEeW6RApRXdjJPw",t,t,f,f
3d16bb1e9b2e2b7fb87e67e157f1f60905affefd,"99SZyjVxEeW6RApRXdjJPw",t,t,f,f
ae31738dd26066eb49b31d962b9abfaf42433db3,"99SZyjVxEeW6RApRXdjJPw",t,t,f,f
326be5991f17872b19124ea4033821f8f99ad785,"99SZyjVxEeW6RApRXdjJPw",t,t,f,f
3f7055a2330c8c68edd312ad8a251837fb6f3961,"99SZyjVxEeW6RApRXdjJPw",t,t,f,f
79612e454ab6fbbaf38fab1eac92a51aeeacb267,"99SZyjVxEeW6RApRXdjJPw",t,f,t,f
6ae165351122fa780ad30dbd34a5f9d9a6ea0066,"99SZyjVxEeW6RApRXdjJPw",t,t,f,f
fcf55fa435d126ce378ba3daeee28d5614d260bb,"99SZyjVxEeW6RApRXdjJPw",t,f,t,f
26c7b409d1abcd33222a5bda06b0cb8ae0d2af31,"99SZyjVxEeW6RApRXdjJPw",t,t,f,f
80791a799af6883140d6f4f26a59236d0249ab10,"99SZyjVxEeW6RApRXdjJPw",t,t,f,f
d4cc57c00a239721c476a9fe7496c1ed8be5431f,"99SZyjVxEeW6RApRXdjJPw",t,t,f,f
ca53c33627bb44e7351d0d364ea1bfb5a783aa50,"99SZyjVxEeW6RApRXdjJPw",t,t,f,f
611e45e35e3e26f18c09a3df1528bf4fbcc5d6a2,"99SZyjVxEeW6RApRXdjJPw",t,f,t,f
46a94eeed5f3a65393970f16ba015abb26b0e48e,"99SZyjVxEeW6RApRXdjJPw",t,t,f,f
e999c1efd7d37ec696f38a8064935627b6287407,"99SZyjVxEeW6RApRXdjJPw",t,t,f,f
4d27f497b11d87fe60d396fc07bce05fdf927a71,"99SZyjVxEeW6RApRXdjJPw",t,f,t,f
4b48063f092dbd47f5cf1e6af909ca4adec3469e,"99SZyjVxEeW6RApRXdjJPw",t,t,f,f
777f4e3a325c607a52b2102e691e017edb9fc42d,"99SZyjVxEeW6RApRXdjJPw",t,t,f,f
bd364e208fe09c14185dd8b2dd24c18270b36b83,"99SZyjVxEeW6RApRXdjJPw",t,f,t,f
9edfd5bb9260464bc41ae531aca61258cfd7ccaa,"99SZyjVxEeW6RApRXdjJPw",t,f,t,f
7cd75a7e9d1e946623abc16b87944343d4e2b1d2,"99SZyjVxEeW6RApRXdjJPw",t,t,f,f
e2fa3f35193546ec8a2108f3ec181517afabe343,"99SZyjVxEeW6RApRXdjJPw",t,t,f,f
fb3962d39dff997238ee8496fc298b582ee49a89,"99SZyjVxEeW6RApRXdjJPw",t,t,f,f
831dc4a8ac7b57f554b5c54896e5b3be1a772bc7,"99SZyjVxEeW6RApRXdjJPw",t,f,t,f
79044ea42e529125945d448f7e82944cf071f0e2,"99SZyjVxEeW6RApRXdjJPw",t,t,f,f
96fea8a0fb1efca601271ca60c3aee135071a271,"99SZyjVxEeW6RApRXdjJPw",t,t,f,f
6c205d4cbc5f98b12b9ab1c29d541e5fdb45b168,"99SZyjVxEeW6RApRXdjJPw",t,f,t,f
e0bc56fa341542efdf213e1fb86c78c411c03c54,"99SZyjVxEeW6RApRXdjJPw",t,t,f,f
fbf2248b24556411d5049998b0b21d0ac51122f9,"99SZyjVxEeW6RApRXdjJPw",t,t,f,f
e4dc38ba3b642cbeb71fa9b7688bf81c1a6d884b,"99SZyjVxEeW6RApRXdjJPw",t,t,f,f
e4d648245dd16ea8065be865f2741bb64f4ba5f2,"99SZyjVxEeW6RApRXdjJPw",t,f,t,f
d86680e133d33cae702d37f676970faf415863a1,"99SZyjVxEeW6RApRXdjJPw",t,t,f,f
b857f7ea7ca923fe514a17cd6e9931a65561bb92,"99SZyjVxEeW6RApRXdjJPw",t,f,t,f
ac63c7298b8f70d3d62ced3aad138378b127a329,"99SZyjVxEeW6RApRXdjJPw",t,t,f,f
a0b967ca7caabe685dcc49d799578fdc227bd58b,"99SZyjVxEeW6RApRXdjJPw",t,t,f,f
2b3b6680c7f7bffc497b1ed5f1dfa52cce4330c7,"99SZyjVxEeW6RApRXdjJPw",t,t,f,f
aa410aa04a5a85d6489b9c577c0f1f4f8322302f,"99SZyjVxEeW6RApRXdjJPw",t,t,f,f
a93c05e4cf11b387f3dd7351b9807ae2380f1560,"99SZyjVxEeW6RApRXdjJPw",t,t,f,f
e7c2b46f9bf9417400c5833101e4468bd34f44a1,"99SZyjVxEeW6RApRXdjJPw",t,t,f,f
d89581d249e508aaaec2f1e168db78ca205dc646,"99SZyjVxEeW6RApRXdjJPw",t,f,t,f
285e5b8f05b382aab0a74e991f9e3a2b78b41531,"99SZyjVxEeW6RApRXdjJPw",t,t,f,f
87c861bc521ef0a40c9bda19ae0fbeea0d0a1747,"99SZyjVxEeW6RApRXdjJPw",t,f,t,f
c42fd8b2773f70e5d5ca4f535c16c9cb68e95415,"99SZyjVxEeW6RApRXdjJPw",t,f,t,f
5a99a7636d7dcb1cbec25e3e0599056b15bcb0db,"99SZyjVxEeW6RApRXdjJPw",t,t,f,f
3c54cf715ede0748da9207a33b9aa1020f61d1db,"99SZyjVxEeW6RApRXdjJPw",t,t,f,f
153937de4e47a90eb5816aa1666cc0fc9b8bb277,"99SZyjVxEeW6RApRXdjJPw",t,t,f,f
e40ba0352307dae31c01e299c1a5b01ba5a067d0,"99SZyjVxEeW6RApRXdjJPw",t,t,f,f
9a30559a048a4b593ef25ac2ceb336fb24cece96,"99SZyjVxEeW6RApRXdjJPw",t,t,f,f
f1fd25814318f152bcd329767cb154d1f115a590,"99SZyjVxEeW6RApRXdjJPw",t,t,f,f
2400af515794929e2e1ec5559165a4eb153114ef,"99SZyjVxEeW6RApRXdjJPw",t,t,f,f
b7dc0ab966128baf6a6afeeee8cd04b798efce93,"99SZyjVxEeW6RApRXdjJPw",t,f,t,f
0c20d041b5d9352b3ebfa6946c3e8ef096c59748,"99SZyjVxEeW6RApRXdjJPw",t,f,t,f
947d450d406d902327c2a9c8c3ed3c59ae019d7b,"99SZyjVxEeW6RApRXdjJPw",t,t,f,f
d084fea979a6a6baca6070e56c76bb8097ba2505,"99SZyjVxEeW6RApRXdjJPw",t,t,f,f
8102b7b9b6dd1d81a5b88aff33e58dd8bfb3cee2,"99SZyjVxEeW6RApRXdjJPw",t,f,t,f
691c363588981bc751173a4d1a9ef9304690ce64,"99SZyjVxEeW6RApRXdjJPw",t,t,f,f
8a7c3dedd23f952e7d9ac83af294e36f8a17c834,"99SZyjVxEeW6RApRXdjJPw",t,t,f,f
5723fcb34606f6a37ac9e5df4d15cc901a7f0fdf,"99SZyjVxEeW6RApRXdjJPw",t,t,f,f
030043dc19c1534bfba2ac6ca0160efe7c6d0e05,"99SZyjVxEeW6RApRXdjJPw",t,t,f,f
6bae2fe191c305702be8fcb882eb15afaef28e93,"99SZyjVxEeW6RApRXdjJPw",t,t,f,f
125a822976e37c83488d047ad3f52cf95f7d417e,"99SZyjVxEeW6RApRXdjJPw",t,f,t,f
524cbbedb353902d0bb8be76d582d0ff49e9a82f,"99SZyjVxEeW6RApRXdjJPw",t,t,f,f
6c75121681dd863630192a03e80e42cf97fb6d1b,"99SZyjVxEeW6RApRXdjJPw",t,f,t,f
7032ce6d8131811c2033bb39e7ce2f3415738068,"99SZyjVxEeW6RApRXdjJPw",t,f,t,f
bbafa336dfd1f6af15e6cdb8c85e1b755e63a2db,"99SZyjVxEeW6RApRXdjJPw",t,f,t,f
76be0fccf5f2d89e62e951b12330555f624f6858,"99SZyjVxEeW6RApRXdjJPw",t,f,t,f
d69667e27a59521ac28a1511f7657d001fa24642,"99SZyjVxEeW6RApRXdjJPw",t,t,f,f
e86852910012bfa2faa49ea478773ff1a3be927f,"99SZyjVxEeW6RApRXdjJPw",t,f,t,f
3a9ba932d7b23237b170f89135559a36104de48a,"99SZyjVxEeW6RApRXdjJPw",t,t,f,f
92718b1439087c586652ae4567ca0ced9e37a2a5,"99SZyjVxEeW6RApRXdjJPw",t,t,f,f
250e2894d69a92ea99ac742d4692f6ec7161756f,"99SZyjVxEeW6RApRXdjJPw",t,f,t,f
039e59a33e98a672a6fd7c2d9a4ee0d6ab7de68d,"99SZyjVxEeW6RApRXdjJPw",t,t,f,f
057631466ff9b6b7b8f6ee75daedb83ca58da2cf,"99SZyjVxEeW6RApRXdjJPw",t,t,f,f
b3c737b9019f8c772b0805c9911e5660e2b1d022,"99SZyjVxEeW6RApRXdjJPw",t,t,f,f
3b90ef934eca1e83db5c2351bff1b7aec4edf179,"99SZyjVxEeW6RApRXdjJPw",t,t,f,f
d9b4de214ed4500f1051a005e9cd7daef3d2b665,"99SZyjVxEeW6RApRXdjJPw",t,t,f,f
274dfce33cb1566d32cd6e57385522ac4455a049,"99SZyjVxEeW6RApRXdjJPw",t,t,f,f
1cc9abb9186ddea6ffe764796e6137db4cc48279,"99SZyjVxEeW6RApRXdjJPw",t,f,t,f
6dd886af959005ab950002d44bbcd6466f799525,"99SZyjVxEeW6RApRXdjJPw",t,t,f,f
8942fd4ce70453ec4243143036947d3692842233,"99SZyjVxEeW6RApRXdjJPw",t,t,f,f
c3a3253718a3524fe540ad3bcb463559b9e9ca4c,"99SZyjVxEeW6RApRXdjJPw",t,t,f,f
1a65cfb354dae36be5e6232459202356d12824d4,"99SZyjVxEeW6RApRXdjJPw",t,t,f,f
90b37ca01b047d3ffb21b527b130fe8cdd0a0e63,"99SZyjVxEeW6RApRXdjJPw",t,t,f,f
88c27fc8c7799d55c956c3f1568dd34f786bbb4c,"99SZyjVxEeW6RApRXdjJPw",t,f,t,f
999949f3af4ee26d1b3cd54faa0db7c79655353b,"99SZyjVxEeW6RApRXdjJPw",t,t,f,f
26c1d7dd74c2674ce793fbae873a3487ad1da187,"99SZyjVxEeW6RApRXdjJPw",t,f,t,f
1e6d566cfbaeb3a238926a3a7f506a6f6a0e7a33,"99SZyjVxEeW6RApRXdjJPw",t,f,t,f
d806cc1d0991535e9aa445c49a31de32b49227f1,"99SZyjVxEeW6RApRXdjJPw",t,t,f,f
072bdb455307368502c629f1afd22930b4359aad,"99SZyjVxEeW6RApRXdjJPw",t,f,t,f
0ddb08231761255a6e826ad91d591cbd731388a4,"99SZyjVxEeW6RApRXdjJPw",t,f,t,f
6b132c94c5b696838abdf35ad63540e17af045ea,"99SZyjVxEeW6RApRXdjJPw",t,f,t,f
48755774475689d4adac7e038a34b03c1bdb20bb,"99SZyjVxEeW6RApRXdjJPw",t,t,f,f
f1ad8b82976cb012ef947e6b737e815fefad88fc,"99SZyjVxEeW6RApRXdjJPw",t,t,f,f
a9bdbd992158eb6cb4d86d56cec20775e87e39bb,"99SZyjVxEeW6RApRXdjJPw",t,f,t,f
a85d35333954d1343bffc5cb1e70d4ffffa3fbc8,"99SZyjVxEeW6RApRXdjJPw",t,t,f,f
adde71c63fc100abbc501b14b9efd1828ab772fd,"99SZyjVxEeW6RApRXdjJPw",t,t,f,f
4b871beb636d4cfc41928938fce7f713665987ea,"99SZyjVxEeW6RApRXdjJPw",t,t,f,f
ca7de99ce566abe0ee4b427e163da538d47a51fb,"99SZyjVxEeW6RApRXdjJPw",t,t,f,f
26060cd77f02bfdf1fbaec0be4f0fd9d0bdbd14c,"99SZyjVxEeW6RApRXdjJPw",t,t,f,f
7cdfb12545612bf57d0cd5dfab34882fd06747e4,"99SZyjVxEeW6RApRXdjJPw",t,t,f,f
00107734d038767fcd1e88b6e173f475545b5017,"99SZyjVxEeW6RApRXdjJPw",t,t,f,f
2b75ca92878f940cc7418d90f1618e8bec429feb,"99SZyjVxEeW6RApRXdjJPw",t,t,f,f
938f65162bc3a557e5c1e60fff774f1dae89fefe,"99SZyjVxEeW6RApRXdjJPw",t,f,t,f
1bcd9020899ceeb91c7355f90c182df6290779c7,"99SZyjVxEeW6RApRXdjJPw",t,t,f,f
f7a2e368613e86af389b4d76406e0f41464e14a0,"99SZyjVxEeW6RApRXdjJPw",t,t,f,f
17d8eea231b6c162b850971ec1f1a5b5abcfb9b7,"99SZyjVxEeW6RApRXdjJPw",t,t,f,f
6f27c60779f52c9ed9523d90ed6d1ec342924e41,"99SZyjVxEeW6RApRXdjJPw",t,t,f,f
fe947b5116b03b0567368463167a0cc4b80f67a2,"99SZyjVxEeW6RApRXdjJPw",t,t,f,f
7055a527e288302ba283ba6262590408cadf6987,"99SZyjVxEeW6RApRXdjJPw",t,t,f,f
b81abfe61a5d892d5064058bacc5d82af749d113,"99SZyjVxEeW6RApRXdjJPw",t,t,f,f
5146d15697afe6acb14e10be96349641fb28cda9,"99SZyjVxEeW6RApRXdjJPw",t,t,f,f
44e2e15f821b3fb9d5685bd7b26879495674aacb,"99SZyjVxEeW6RApRXdjJPw",t,t,f,f
29d52b9f07097d62c65b931b638fefaa1903784a,"99SZyjVxEeW6RApRXdjJPw",t,t,f,f
b5269b9f0b06a87cbaf0eb86608e6e362f09c053,"99SZyjVxEeW6RApRXdjJPw",t,t,f,f
ae0dec30b0c9b9f98c2779d61e17d7b411b8a33d,"99SZyjVxEeW6RApRXdjJPw",t,t,f,f
8d578080893ad77a35ff1051477682beb26ea949,"99SZyjVxEeW6RApRXdjJPw",t,f,t,f
438455d2d5975db4f880af05d24006778c620171,"99SZyjVxEeW6RApRXdjJPw",t,t,f,f
d31fd5b7c0a272e54f5733bcea0eeaeadbec88da,"99SZyjVxEeW6RApRXdjJPw",t,t,f,f
fc967bca946df789269c9001546c9701c73ba25b,"99SZyjVxEeW6RApRXdjJPw",t,t,f,f
467ee24d32fdeb0e0efc9a1bf5e25a397e236d84,"99SZyjVxEeW6RApRXdjJPw",t,f,t,f
4f9318dc5201f736e6527e93358670660dabf437,"99SZyjVxEeW6RApRXdjJPw",t,t,f,f
bcecfcac634cb01aeac08d449cca72800e22fff8,"99SZyjVxEeW6RApRXdjJPw",t,t,f,f
85a0d832e74b42319d1e91e3af7680062b77b3f6,"99SZyjVxEeW6RApRXdjJPw",t,t,f,f
4a9b6b42a8d7ee64d5b9051198b89125daf38f92,"99SZyjVxEeW6RApRXdjJPw",t,t,f,f
1bfde91116fdf3588dd8b0f5dc4f90bacb49a359,"99SZyjVxEeW6RApRXdjJPw",t,f,t,f
3a7bbc59f61b96fce92367ce530b4ee8aa682757,"99SZyjVxEeW6RApRXdjJPw",t,f,t,f
f13f5682b8b5bd71c9ecb137ff03dc163d3891e4,"99SZyjVxEeW6RApRXdjJPw",t,t,f,f
0ee39cd68a86c1623981e71e05c2fd794ca45988,"99SZyjVxEeW6RApRXdjJPw",t,t,f,f
c7707affd5be2997a7312886024fafa897d4e3bc,"99SZyjVxEeW6RApRXdjJPw",t,f,t,f
c855191bf9a40d8d2fd5cca19de6eddcd376041b,"99SZyjVxEeW6RApRXdjJPw",t,f,t,f
0a6940a5e7b9b6013f7d01f5c7697effc0fe31bb,"99SZyjVxEeW6RApRXdjJPw",t,t,f,f
1a3ad417e1e035842c587abb969c005e2b8709ca,"99SZyjVxEeW6RApRXdjJPw",t,t,f,f
b433588633b56a3c3070f310754af809848933c5,"99SZyjVxEeW6RApRXdjJPw",t,t,f,f
145dbdeaad4d1af363a571501c86d226e750ba0a,"99SZyjVxEeW6RApRXdjJPw",t,t,f,f
bd7c048a03e25e41c7ea7978d60248f2d61a8cae,"99SZyjVxEeW6RApRXdjJPw",t,f,t,f
28ebb36eabf305a29fa7a0e2e62d2e53dacc5ad7,"99SZyjVxEeW6RApRXdjJPw",t,t,f,f
7c46cb2efb2b7ce717c351b05ee79f12c8cbd597,"99SZyjVxEeW6RApRXdjJPw",t,t,f,f
bbb529125dbe0692a84ab1cf142c65be35ae7a80,"99SZyjVxEeW6RApRXdjJPw",t,t,f,f
eacbb05324c57ad617a53b3ad533529ce7ef99da,"99SZyjVxEeW6RApRXdjJPw",t,f,t,f
8ca1e74a05e5cda63c4aef04e43bbcc741985189,"99SZyjVxEeW6RApRXdjJPw",t,t,f,f
cead306457eb09ac568a6f0d6bc68616e1c3b459,"99SZyjVxEeW6RApRXdjJPw",t,f,t,f
18318e4c09b3e30d9a13cd474aae41631f218f1f,"99SZyjVxEeW6RApRXdjJPw",t,f,t,f
cb0c174b3b42565a490fd214c4a09ba22934b389,"99SZyjVxEeW6RApRXdjJPw",t,t,f,f
46ff37b86aa795f37c76e742ee4e07a565ff6a18,"99SZyjVxEeW6RApRXdjJPw",t,t,f,f
4e45f0b8241723838337574dcf1fba2ce1779422,"99SZyjVxEeW6RApRXdjJPw",t,t,f,f
dba8104298dd502c9ae0f33fb45bc473347b6145,"99SZyjVxEeW6RApRXdjJPw",t,t,f,f
d039706acb603c1e40a27e46dd1d40273f4481bc,"99SZyjVxEeW6RApRXdjJPw",t,f,t,f
7dea3b2f6f43d0ece08ea41b738509bf6533749a,"99SZyjVxEeW6RApRXdjJPw",t,t,f,f
19fb44e295f7659b87e6b4dd25c8f045be19cc40,"99SZyjVxEeW6RApRXdjJPw",t,t,f,f
31ebd3a95c63209b90023a1fe9b72f1d7fb2a062,"99SZyjVxEeW6RApRXdjJPw",t,t,f,f
9d34c6b6281b72322713db72ae043aecea43fc3e,"99SZyjVxEeW6RApRXdjJPw",t,f,t,f
b6ffd9b9fd7a37db8ff8e1a5047af9f4c552c99c,"99SZyjVxEeW6RApRXdjJPw",t,t,f,f
65aedfacf8699bb29fe95bd83284302cf6756007,"99SZyjVxEeW6RApRXdjJPw",t,t,f,f
cb8c83a4725dcd6ab6933dfde49bda2d9baf52c0,"99SZyjVxEeW6RApRXdjJPw",t,t,f,f
b578a8ef0fd3db52f34caaae22a3c34a58f445ee,"99SZyjVxEeW6RApRXdjJPw",t,t,f,f
cbdfca6502cfe388050209d6085e18d12af01126,"99SZyjVxEeW6RApRXdjJPw",t,t,f,f
35895bac97760224613bdd6ebf6e91762c83e6e2,"99SZyjVxEeW6RApRXdjJPw",t,f,t,f
3bad9108c69f72d086d9cf0f05f59b42327af856,"99SZyjVxEeW6RApRXdjJPw",t,t,f,f
a789a6b031ac524bafa83dcf60eac785889eef86,"99SZyjVxEeW6RApRXdjJPw",t,t,f,f
209ee1a82f9b5309e887c27f4cdf25b194e5dd25,"99SZyjVxEeW6RApRXdjJPw",t,t,f,f
32aa84e4a02debf47c5c970add7564cddd7a261a,"99SZyjVxEeW6RApRXdjJPw",t,t,f,f
22db525d19c40109e5937f27f0db64b78177e765,"99SZyjVxEeW6RApRXdjJPw",t,t,f,f
0a3e0761619b9e3cfe95402b4a4d30f019d2f839,"99SZyjVxEeW6RApRXdjJPw",t,t,f,f
2768d4774d84d81d069a191c951d7353fa1cf8c5,"99SZyjVxEeW6RApRXdjJPw",t,t,f,f
02b1d15e1376bb0ef25e693d87780c107bf4c9c2,"99SZyjVxEeW6RApRXdjJPw",t,f,t,f
52f2448cad9308fb7b6a7bf932a1700190d4eef5,"99SZyjVxEeW6RApRXdjJPw",t,f,t,f
0611758ffa2738a9b9973b61f89dfbae6655bcb9,"99SZyjVxEeW6RApRXdjJPw",t,f,t,f
8aa78bb596a9274e0fba2ad4d8134ef8fe3b9fd8,"99SZyjVxEeW6RApRXdjJPw",t,f,t,f
028c5d36d4a3eb204bf2afe587e1b74822cacd23,"99SZyjVxEeW6RApRXdjJPw",t,t,f,f
252350153c89bca1057570f948125cf67ef83cd9,"99SZyjVxEeW6RApRXdjJPw",t,t,f,f
46a4211a310715220f051c4bead6ef10dbf9dfc1,"99SZyjVxEeW6RApRXdjJPw",t,f,t,f
5ebad0c8d258608e9fe7c394b27d094a642e4dce,"99SZyjVxEeW6RApRXdjJPw",t,t,f,f
614cbd072ac04b0673505bd9660986d0af34fbd1,"99SZyjVxEeW6RApRXdjJPw",t,t,f,f
2b3a1936f413a597656aa035b05f869614ad3c2b,"99SZyjVxEeW6RApRXdjJPw",t,t,f,f
e4351872927b7008e8a9872365139787ce391e08,"99SZyjVxEeW6RApRXdjJPw",t,t,f,f
207b04ea0b5b37bbe56093ba61d235096d9141f4,"99SZyjVxEeW6RApRXdjJPw",t,t,f,f
72e0296c9de81b7c0803bd85e85a5e21410090d5,"99SZyjVxEeW6RApRXdjJPw",t,t,f,f
dd549becce06db339b45c5693df2565dca1c7017,"99SZyjVxEeW6RApRXdjJPw",t,t,f,f
dccf3a7e52a2ecd08a34e2788a79c4db339855ec,"99SZyjVxEeW6RApRXdjJPw",t,t,f,f
16ba70ef5b04974e1e4ce76dbe70d3f588d185ac,"99SZyjVxEeW6RApRXdjJPw",t,t,f,f
6dc1432a5a592bed76638f538880832849188ee9,"99SZyjVxEeW6RApRXdjJPw",t,t,f,f
e3fc7b297ba7a92e4c54bd3bbc7ceaaa1f8c32aa,"99SZyjVxEeW6RApRXdjJPw",t,t,f,f
cfb49afa72076a8ac988e8460fe8dd75ebc20f4c,"99SZyjVxEeW6RApRXdjJPw",t,f,t,f
cdbfad56cd65901abe9e16394dcec34d50e08f8d,"99SZyjVxEeW6RApRXdjJPw",t,t,f,f
ed57be6fa13a04ac4dff0ff3a77fb58df34db991,"99SZyjVxEeW6RApRXdjJPw",t,t,f,f
f2751055e2df9fac7fea292bf4d20b65a1ecf1a7,"99SZyjVxEeW6RApRXdjJPw",t,f,t,f
25a4cae51f0aa4fb5caa3524a714addb63c19986,"99SZyjVxEeW6RApRXdjJPw",t,t,f,f
9ffd7888919dab4a44c4f00712bad45cf8fd0d4d,"99SZyjVxEeW6RApRXdjJPw",t,t,f,f
ce281ec4ccb5cc0cc1fcce0f2fd89c86370d392d,"99SZyjVxEeW6RApRXdjJPw",t,f,t,f
f8cadaaeea66885d12ed2b53994c859769cfddb8,"99SZyjVxEeW6RApRXdjJPw",t,f,t,f
7f2024c3b9d07ac85d7421dab71a386959ccfe13,"99SZyjVxEeW6RApRXdjJPw",t,t,f,f
20079152e99a67c222ec6f97d65142ff3d898a26,"99SZyjVxEeW6RApRXdjJPw",t,f,t,f
24643136031f32552c719eddcacb73adeccfb572,"99SZyjVxEeW6RApRXdjJPw",t,t,f,f
5936a9f3417524ab2efc31109113af300f8d5f2c,"99SZyjVxEeW6RApRXdjJPw",t,f,t,f
aed688b2c0b8498da1358380f444d618082ae86c,"99SZyjVxEeW6RApRXdjJPw",t,f,t,f
21b5d33fb9b617464d942430bc52c82e927a1749,"99SZyjVxEeW6RApRXdjJPw",t,t,f,f
ff0610a88450e3c20b37dbced45083d458ffa86c,"99SZyjVxEeW6RApRXdjJPw",t,t,f,f
0e7c315ceeb6684775ab364abb527b4de8d5be6e,"99SZyjVxEeW6RApRXdjJPw",t,t,f,f
9e9e245a57b15ce876327408bcbcfc5cbf867608,"99SZyjVxEeW6RApRXdjJPw",t,f,t,f
c6d1a592e61956c3236383c8d761cb965c327ce8,"99SZyjVxEeW6RApRXdjJPw",t,t,f,f
d9a8fcc00bde95b4d7a6e5e1c5b5777c7c4748b2,"99SZyjVxEeW6RApRXdjJPw",t,t,f,f
2fbec18a273908e123b4b0ff7a942478c32c1bb9,"99SZyjVxEeW6RApRXdjJPw",t,f,t,f
1d3f29bbcd8c710d3f6506b4bfd71c999c498187,"99SZyjVxEeW6RApRXdjJPw",t,t,f,f
8ab542f8517e753200d8cb10f25b992d5c2a000a,"99SZyjVxEeW6RApRXdjJPw",t,t,f,f
14a0ec1d9c8518560ffb1692825aabe62e692e39,"99SZyjVxEeW6RApRXdjJPw",t,t,f,f
aadd33ba8fd91276db3019e3fbf7ae88dc238780,"99SZyjVxEeW6RApRXdjJPw",t,t,f,f
31baa7dc19ac6b7fe34f1e5e43b9170b1ada0125,"99SZyjVxEeW6RApRXdjJPw",t,f,t,f
b57fefdd28d8c30be5f66aef625547619d335aee,"99SZyjVxEeW6RApRXdjJPw",t,f,t,f
e2c24f835bad7c7bc751bf3d08486b82a143c5ea,"99SZyjVxEeW6RApRXdjJPw",t,t,f,f
eb797c60bc02c426f98c892e5c2cc35df2deee1b,"99SZyjVxEeW6RApRXdjJPw",t,t,f,f
0322785fcd6bce30310947b63dea52bfe4a6cbf8,"99SZyjVxEeW6RApRXdjJPw",t,t,f,f
a9267c189a3923693ed12ee43747c76e3391d373,"99SZyjVxEeW6RApRXdjJPw",t,t,f,f
9c6829caa8a33f94b38516f27610dc91f85bd01c,"99SZyjVxEeW6RApRXdjJPw",t,t,f,f
706b78e853851340e59fa20fd1c4ccc0f3f6980b,"99SZyjVxEeW6RApRXdjJPw",t,t,f,f
936a1d254f92337caf160e6661d9f6e09e2e3e08,"99SZyjVxEeW6RApRXdjJPw",t,t,f,f
5ce2c7ef0c2630e2d41b2615b4084de92595d187,"99SZyjVxEeW6RApRXdjJPw",t,f,t,f
6f1653e86989d53137113dc1947e508a1ddeb91d,"99SZyjVxEeW6RApRXdjJPw",t,t,f,f
6d96514c60abacfc791902a7a83694053ec81307,"99SZyjVxEeW6RApRXdjJPw",t,t,f,f
5731faa6274f653783033f1bfff77ae2ce608e7c,"99SZyjVxEeW6RApRXdjJPw",t,t,f,f
5910baa1ea83bfad84015f3b8b14b732221bd65b,"99SZyjVxEeW6RApRXdjJPw",t,t,f,f
f7ba67bb7d8b2b6d4c58742b69c2bb7a9d2f031c,"99SZyjVxEeW6RApRXdjJPw",t,t,f,f
eb99076fdfebc2e3ab4b1dd8e769d3ed9c75e252,"99SZyjVxEeW6RApRXdjJPw",t,t,f,f
5e9fa3f8af0421342171277fd26d50de80614eb9,"99SZyjVxEeW6RApRXdjJPw",t,t,f,f
1deeaefeaefd90b70f0d869050555120d0a64849,"99SZyjVxEeW6RApRXdjJPw",t,t,f,f
433ee1d7291ed67d23c64d721eb4833fa46e3d0a,"99SZyjVxEeW6RApRXdjJPw",t,t,f,f
5e9942b41ca4975db3eb86d929bc751ef3ef0ea3,"99SZyjVxEeW6RApRXdjJPw",t,t,f,f
8b873b78a9ef4506bf73f2ae8ba3034c9be5ad70,"99SZyjVxEeW6RApRXdjJPw",t,t,f,f
bb03dee49e69c5ef5c536f2819ccb85f6c794975,"99SZyjVxEeW6RApRXdjJPw",t,t,f,f
0da4017fc524b16ed8f0ed96454176d23505553a,"99SZyjVxEeW6RApRXdjJPw",t,t,f,f
f889f197d46a20a0475f90b3a64d84cd6e5823b6,"99SZyjVxEeW6RApRXdjJPw",t,t,f,f
bafbdc2cb76ac5bdf5438f687a39d7102e3d01f3,"99SZyjVxEeW6RApRXdjJPw",t,t,f,f
1843cf6f918e38997b63def46482a3a8b97d11b8,"99SZyjVxEeW6RApRXdjJPw",t,t,f,f
e198eb6f7cca86be1074dbfab5e12c94bec0a207,"99SZyjVxEeW6RApRXdjJPw",t,f,t,f
449ac22074e82284c9817a6dc611077ad5507abd,"99SZyjVxEeW6RApRXdjJPw",t,t,f,f
09d11e71b5970cae5f0825a16005ec99163688c0,"99SZyjVxEeW6RApRXdjJPw",t,t,f,f
cca39f7e857a1bf01da8be547a18dbab73e66066,"99SZyjVxEeW6RApRXdjJPw",t,f,t,f
b50264f532a15b20b1e2a73073be57302f33cfbd,"99SZyjVxEeW6RApRXdjJPw",t,t,f,f
dd890c2b4e7f96fee01a0a9ffe2537cbc7d8b9bb,"99SZyjVxEeW6RApRXdjJPw",t,t,f,f
558a116923c179298f9c700dcf60bd352273ac30,"99SZyjVxEeW6RApRXdjJPw",t,t,f,f
e0f436414956e6c96d19ac1410331273b334bdf2,"99SZyjVxEeW6RApRXdjJPw",t,t,f,f
0451d67297bf2325cf9e028126d276a9559d1d38,"99SZyjVxEeW6RApRXdjJPw",t,t,f,f
c8fbbc270642ceecd80b69990948cd93bf8e3e1e,"99SZyjVxEeW6RApRXdjJPw",t,t,f,f
c382daca44b3feab4ada1ca43dc5baa588ecd0c6,"99SZyjVxEeW6RApRXdjJPw",t,t,f,f
f30ad2f8ffb5d939c58d028db0bd0e44f6f9febf,"99SZyjVxEeW6RApRXdjJPw",t,t,f,f
034f36ebd980912aae22b766c52078a0fd754221,"99SZyjVxEeW6RApRXdjJPw",t,t,f,f
8324a67b9e2d449dcefe9285d0086adf7735156f,"99SZyjVxEeW6RApRXdjJPw",t,t,f,f
3685a07f1005b4224ce913effcf7cc19ac031934,"99SZyjVxEeW6RApRXdjJPw",t,t,f,f
99f3ada48a9403df929a37876308308b41183d85,"99SZyjVxEeW6RApRXdjJPw",t,t,f,f
070be74484df9ba1ca612618c7b6f68c807ac339,"99SZyjVxEeW6RApRXdjJPw",t,t,f,f
7d8a84e8e3d19dcdbe344c374ef7b8c81805c8d7,"99SZyjVxEeW6RApRXdjJPw",t,t,f,f
78acd4ddbf6b26675dff369d9e61a752b4b60ec4,"99SZyjVxEeW6RApRXdjJPw",t,t,f,f
fb2c8ba2aaaa9c1711db4353755743dbd379d179,"99SZyjVxEeW6RApRXdjJPw",t,t,f,f
22d843c46ba58094ebc0979c8929b8cfb2dce67d,"99SZyjVxEeW6RApRXdjJPw",t,f,t,f
db2a040159c450332cb57403226958670ad8a4d1,"99SZyjVxEeW6RApRXdjJPw",t,t,f,f
4b46b94ad46e1b6b55d0ff413f5708ede838ea17,"99SZyjVxEeW6RApRXdjJPw",t,t,f,f
13e80433f91f1934e329f99789b5d623147ef695,"99SZyjVxEeW6RApRXdjJPw",t,f,t,f
7a2f0ab568bdb17a1e7c77de03571d60b8883199,"99SZyjVxEeW6RApRXdjJPw",t,t,f,f
03278679a55642fb2607b90d0883ab06c670e1ca,"99SZyjVxEeW6RApRXdjJPw",t,t,f,f
390c103d30788931a183420ebe3135f3c6be89a6,"99SZyjVxEeW6RApRXdjJPw",t,t,f,f
c2f428ed27e20c288dacbac3d4f2ea92b2dfdf86,"99SZyjVxEeW6RApRXdjJPw",t,t,f,f
b84dbc0d67a133dfa7b41f4432791e8b5cee5957,"99SZyjVxEeW6RApRXdjJPw",t,f,t,f
c9a0ffa124406e16c7915789601b71de82b64aaf,"99SZyjVxEeW6RApRXdjJPw",t,t,f,f
ac1f8ff5c4392f7a96c1a71a2b50bc2f1ad1affb,"99SZyjVxEeW6RApRXdjJPw",t,f,t,f
ded6c86d1a6c8ae81d91791662ce2e82ee95e0f8,"99SZyjVxEeW6RApRXdjJPw",t,t,f,f
ccf3d59d0b9ab0381c0296ce13b98c66200b69fa,"99SZyjVxEeW6RApRXdjJPw",t,t,f,f
7e5c3742d0faa01f712c3641159fb12eb24be890,"99SZyjVxEeW6RApRXdjJPw",t,t,f,f
28348edaa2c3255593bf39df0c7079a22722d5ee,"99SZyjVxEeW6RApRXdjJPw",t,t,f,f
995b845f0d0671f6f891121018ea4bdf5a6e967f,"99SZyjVxEeW6RApRXdjJPw",t,t,f,f
159b43d8fa1adc1b60e62e03f0baf33ba457fac3,"99SZyjVxEeW6RApRXdjJPw",t,t,f,f
06dab4f5250321c99a0a60920c273b27e2342f73,"99SZyjVxEeW6RApRXdjJPw",t,f,t,f
becd0025c04366634826fbd701721a700c97646c,"99SZyjVxEeW6RApRXdjJPw",t,t,f,f
d586439f377bcbe03e6b5b21aabe2520bf5b3dd6,"99SZyjVxEeW6RApRXdjJPw",t,t,f,f
46994e97b33efde04387671ecc1c671583e7df51,"99SZyjVxEeW6RApRXdjJPw",t,t,f,f
bdab6eff3785e64656c168eaf4a786beb2485030,"99SZyjVxEeW6RApRXdjJPw",t,t,f,f
49aaec80b2e343bee62abdbffb821a8d2a665264,"99SZyjVxEeW6RApRXdjJPw",t,t,f,f
82bbe869039ad152bcb769f4d6872095ac8ab0e3,"99SZyjVxEeW6RApRXdjJPw",t,f,t,f
94716457c122fdd2b726bbe458d28ca5c5146082,"99SZyjVxEeW6RApRXdjJPw",t,f,t,f
fb143d0f4e034d27a4ffa926b95106677587e482,"99SZyjVxEeW6RApRXdjJPw",t,f,t,f
389f32d5a8bc7ce26c57b3ea23a223bd050024fe,"99SZyjVxEeW6RApRXdjJPw",t,t,f,f
cf39963ccd2f67341edc49785608dca5d4b938b3,"99SZyjVxEeW6RApRXdjJPw",t,t,f,f
b52316c8ddf1960f4eaaa3a0f81f371a2986ec17,"99SZyjVxEeW6RApRXdjJPw",t,f,t,f
5c72c9701552e12a084b9964cec23853968d046e,"99SZyjVxEeW6RApRXdjJPw",t,f,t,f
62046a511104f4fe9e818d5e68aedadfe050908b,"99SZyjVxEeW6RApRXdjJPw",t,t,f,f
79accfe5fe7bee1ebf6b25308d25e3a64db2a2b2,"99SZyjVxEeW6RApRXdjJPw",t,t,f,f
128772c2f7ab172f041b3b8ece5ca04479adec6d,"99SZyjVxEeW6RApRXdjJPw",t,t,f,f
c93a37897f7526bcffde670557e018ac650d45fb,"99SZyjVxEeW6RApRXdjJPw",t,t,f,f
47ea21ec6acd41ca9eef2ed6ac656a256b3f127a,"99SZyjVxEeW6RApRXdjJPw",t,t,f,f
ea92f5358a358a5e19f8ad87e4953c68a9e31f1b,"99SZyjVxEeW6RApRXdjJPw",t,t,f,f
3d04cea0af23b69a0e0d3ae947b86d19352a04a7,"99SZyjVxEeW6RApRXdjJPw",t,t,f,f
38fd58c5ad8567b4d63acc19440c6983cfd22502,"99SZyjVxEeW6RApRXdjJPw",t,t,f,f
40ccca9a2d11ca1b0229ad16933aafcd920a6975,"99SZyjVxEeW6RApRXdjJPw",t,f,t,f
